address,coin,entry_price,leverage,position_value,unrealized_pnl,liquidation_price,is_long,timestamp
0x023a3d058020fb76cca98f01b3c48c8938a22355,BTC,84393.30,40,5573307.48,7228.60,0.00,True,2025-03-17 15:55:28
0x023a3d058020fb76cca98f01b3c48c8938a22355,ETH,1927.91,25,6186177.55,45487.68,0.00,True,2025-03-17 15:55:28
0x023a3d058020fb76cca98f01b3c48c8938a22355,ATOM,4.59,5,71278.43,558.47,0.00,True,2025-03-17 15:55:28
0x023a3d058020fb76cca98f01b3c48c8938a22355,DYDX,0.62,5,231339.08,8559.77,0.00,True,2025-03-17 15:55:28
0x023a3d058020fb76cca98f01b3c48c8938a22355,SOL,129.79,20,814844.91,-1269.52,1899.00,False,2025-03-17 15:55:28
0x023a3d058020fb76cca98f01b3c48c8938a22355,AVAX,18.48,10,369852.22,-9246.59,573.77,False,2025-03-17 15:55:28
0x023a3d058020fb76cca98f01b3c48c8938a22355,BNB,629.65,10,780187.22,1375.85,9349.49,False,2025-03-17 15:55:28
0x023a3d058020fb76cca98f01b3c48c8938a22355,APE,0.52,5,77524.08,1622.60,0.00,True,2025-03-17 15:55:28
0x023a3d058020fb76cca98f01b3c48c8938a22355,OP,0.88,10,39642.16,-1364.99,249.12,False,2025-03-17 15:55:28
0x023a3d058020fb76cca98f01b3c48c8938a22355,LTC,93.41,10,533287.75,-878.16,1992.81,False,2025-03-17 15:55:28
0x023a3d058020fb76cca98f01b3c48c8938a22355,ARB,0.36,10,131770.88,4629.84,0.00,True,2025-03-17 15:55:28
0x023a3d058020fb76cca98f01b3c48c8938a22355,DOGE,0.17,10,661204.32,-11974.44,3.05,False,2025-03-17 15:55:28
0x023a3d058020fb76cca98f01b3c48c8938a22355,INJ,9.84,10,30105.53,-1114.52,3683.58,False,2025-03-17 15:55:28
0x023a3d058020fb76cca98f01b3c48c8938a22355,SUI,2.34,10,183349.91,2341.24,0.00,True,2025-03-17 15:55:28
0x023a3d058020fb76cca98f01b3c48c8938a22355,kPEPE,0.01,10,2966193.82,-184520.96,0.03,False,2025-03-17 15:55:28
0x023a3d058020fb76cca98f01b3c48c8938a22355,CRV,0.44,10,30869.90,113.49,155.70,False,2025-03-17 15:55:28
0x023a3d058020fb76cca98f01b3c48c8938a22355,LDO,0.97,10,70301.51,-1356.68,152.73,False,2025-03-17 15:55:28
0x023a3d058020fb76cca98f01b3c48c8938a22355,LINK,13.81,10,565658.63,-13412.78,284.92,False,2025-03-17 15:55:28
0x023a3d058020fb76cca98f01b3c48c8938a22355,CFX,0.09,5,38605.77,-1030.72,23.62,False,2025-03-17 15:55:28
0x023a3d058020fb76cca98f01b3c48c8938a22355,XRP,2.37,20,483065.61,1008.08,56.61,False,2025-03-17 15:55:28
0x023a3d058020fb76cca98f01b3c48c8938a22355,BCH,337.32,10,121468.75,-1028.78,30658.13,False,2025-03-17 15:55:28
0x023a3d058020fb76cca98f01b3c48c8938a22355,AAVE,170.98,10,411414.42,-13086.41,4823.26,False,2025-03-17 15:55:28
0x023a3d058020fb76cca98f01b3c48c8938a22355,MKR,1207.58,10,29677.52,93.41,440296.79,False,2025-03-17 15:55:28
0x023a3d058020fb76cca98f01b3c48c8938a22355,WLD,0.87,10,814828.89,-20864.59,12.71,False,2025-03-17 15:55:28
0x023a3d058020fb76cca98f01b3c48c8938a22355,FXS,1.79,5,25011.48,-1785.92,799.11,False,2025-03-17 15:55:28
0x023a3d058020fb76cca98f01b3c48c8938a22355,TRX,0.22,10,53267.55,190.13,0.00,True,2025-03-17 15:55:28
0x023a3d058020fb76cca98f01b3c48c8938a22355,kSHIB,0.01,10,30018.59,62.09,4.72,False,2025-03-17 15:55:28
0x023a3d058020fb76cca98f01b3c48c8938a22355,UNI,6.21,10,169495.20,3833.26,0.00,True,2025-03-17 15:55:28
0x023a3d058020fb76cca98f01b3c48c8938a22355,SEI,0.20,10,96644.35,-1887.53,22.95,False,2025-03-17 15:55:28
0x023a3d058020fb76cca98f01b3c48c8938a22355,RUNE,1.16,5,668998.79,-28653.06,19.95,False,2025-03-17 15:55:28
0x023a3d058020fb76cca98f01b3c48c8938a22355,ZRO,2.27,5,295401.41,23393.22,0.00,True,2025-03-17 15:55:28
0x023a3d058020fb76cca98f01b3c48c8938a22355,DOT,4.21,10,96738.12,4543.86,0.00,True,2025-03-17 15:55:28
0x023a3d058020fb76cca98f01b3c48c8938a22355,TRB,29.11,3,37630.50,895.86,0.00,True,2025-03-17 15:55:28
0x023a3d058020fb76cca98f01b3c48c8938a22355,FTT,1.28,3,36877.07,427.48,0.00,True,2025-03-17 15:55:28
0x023a3d058020fb76cca98f01b3c48c8938a22355,BIGTIME,0.05,5,53061.57,-5028.99,0.00,True,2025-03-17 15:55:28
0x023a3d058020fb76cca98f01b3c48c8938a22355,KAS,0.08,3,58231.23,151.47,12.86,False,2025-03-17 15:55:28
0x023a3d058020fb76cca98f01b3c48c8938a22355,ORBS,0.03,3,58167.43,26212.00,3.65,False,2025-03-17 15:55:28
0x023a3d058020fb76cca98f01b3c48c8938a22355,BLUR,0.10,5,33499.43,788.83,0.00,True,2025-03-17 15:55:28
0x023a3d058020fb76cca98f01b3c48c8938a22355,TIA,3.42,10,267506.26,-4739.97,144.27,False,2025-03-17 15:55:28
0x023a3d058020fb76cca98f01b3c48c8938a22355,ADA,0.71,10,558967.05,14039.14,0.00,True,2025-03-17 15:55:28
0x023a3d058020fb76cca98f01b3c48c8938a22355,TON,3.44,10,223647.82,2792.37,0.00,True,2025-03-17 15:55:28
0x023a3d058020fb76cca98f01b3c48c8938a22355,FET,0.52,5,83072.38,-2238.02,66.62,False,2025-03-17 15:55:28
0x023a3d058020fb76cca98f01b3c48c8938a22355,NEAR,2.57,10,158476.36,-6251.85,185.13,False,2025-03-17 15:55:28
0x023a3d058020fb76cca98f01b3c48c8938a22355,MEME,0.00,5,51527.66,1902.82,0.00,True,2025-03-17 15:55:28
0x023a3d058020fb76cca98f01b3c48c8938a22355,NEO,7.96,5,33795.99,973.93,0.00,True,2025-03-17 15:55:28
0x023a3d058020fb76cca98f01b3c48c8938a22355,ZEN,9.37,5,32117.52,-734.38,3095.48,False,2025-03-17 15:55:28
0x023a3d058020fb76cca98f01b3c48c8938a22355,FIL,2.90,5,58871.91,2068.04,0.00,True,2025-03-17 15:55:28
0x023a3d058020fb76cca98f01b3c48c8938a22355,PYTH,0.15,5,65657.49,1978.74,0.00,True,2025-03-17 15:55:28
0x023a3d058020fb76cca98f01b3c48c8938a22355,SUSHI,0.62,5,69101.94,4022.94,0.00,True,2025-03-17 15:55:28
0x023a3d058020fb76cca98f01b3c48c8938a22355,IMX,0.56,5,45712.35,-935.92,130.12,False,2025-03-17 15:55:28
0x023a3d058020fb76cca98f01b3c48c8938a22355,kBONK,0.01,10,501871.15,-14154.18,0.26,False,2025-03-17 15:55:28
0x023a3d058020fb76cca98f01b3c48c8938a22355,JUP,0.51,10,198983.76,-6482.70,29.12,False,2025-03-17 15:55:28
0x023a3d058020fb76cca98f01b3c48c8938a22355,GALA,0.02,3,58977.81,-526.40,0.00,True,2025-03-17 15:55:28
0x023a3d058020fb76cca98f01b3c48c8938a22355,JTO,2.16,3,61806.44,-1282.21,371.16,False,2025-03-17 15:55:28
0x023a3d058020fb76cca98f01b3c48c8938a22355,WIF,0.50,10,120173.84,-2182.51,46.34,False,2025-03-17 15:55:28
0x023a3d058020fb76cca98f01b3c48c8938a22355,CAKE,2.21,3,207311.14,-24312.73,120.03,False,2025-03-17 15:55:28
0x023a3d058020fb76cca98f01b3c48c8938a22355,ONDO,0.86,10,318524.84,-8470.19,30.77,False,2025-03-17 15:55:28
0x023a3d058020fb76cca98f01b3c48c8938a22355,ZETA,0.21,3,30187.41,-1032.69,71.84,False,2025-03-17 15:55:28
0x023a3d058020fb76cca98f01b3c48c8938a22355,DYM,0.31,3,48036.40,-2956.82,68.09,False,2025-03-17 15:55:28
0x023a3d058020fb76cca98f01b3c48c8938a22355,W,0.09,5,35440.51,1392.76,0.00,True,2025-03-17 15:55:28
0x023a3d058020fb76cca98f01b3c48c8938a22355,STRK,0.17,5,49371.89,3478.72,0.00,True,2025-03-17 15:55:28
0x023a3d058020fb76cca98f01b3c48c8938a22355,TAO,249.98,5,367845.21,-11652.17,7510.03,False,2025-03-17 15:55:28
0x023a3d058020fb76cca98f01b3c48c8938a22355,MYRO,0.02,3,60988.15,-3111.66,2.97,False,2025-03-17 15:55:28
0x023a3d058020fb76cca98f01b3c48c8938a22355,kFLOKI,0.06,5,131103.74,-2345.30,5.00,False,2025-03-17 15:55:28
0x023a3d058020fb76cca98f01b3c48c8938a22355,ETHFI,0.68,5,63976.56,1389.32,0.00,True,2025-03-17 15:55:28
0x023a3d058020fb76cca98f01b3c48c8938a22355,ENA,0.38,10,598033.13,-12324.15,7.33,False,2025-03-17 15:55:28
0x023a3d058020fb76cca98f01b3c48c8938a22355,SAGA,0.51,5,214568.20,71805.57,18.86,False,2025-03-17 15:55:28
0x023a3d058020fb76cca98f01b3c48c8938a22355,HBAR,0.19,5,279769.71,-1071.46,7.35,False,2025-03-17 15:55:28
0x023a3d058020fb76cca98f01b3c48c8938a22355,POPCAT,0.19,10,447854.70,-24904.55,5.18,False,2025-03-17 15:55:28
0x023a3d058020fb76cca98f01b3c48c8938a22355,OMNI,3.26,3,29971.44,-138.41,1069.15,False,2025-03-17 15:55:28
0x023a3d058020fb76cca98f01b3c48c8938a22355,EIGEN,1.18,5,26911.04,-91.54,0.00,True,2025-03-17 15:55:28
0x023a3d058020fb76cca98f01b3c48c8938a22355,NOT,0.00,3,50181.27,-1827.62,0.00,True,2025-03-17 15:55:28
0x023a3d058020fb76cca98f01b3c48c8938a22355,TURBO,0.00,5,82680.98,-19.72,0.00,True,2025-03-17 15:55:28
0x023a3d058020fb76cca98f01b3c48c8938a22355,IO,0.84,5,52768.51,124.91,0.00,True,2025-03-17 15:55:28
0x023a3d058020fb76cca98f01b3c48c8938a22355,ZK,0.07,5,192506.52,1568.44,3.96,False,2025-03-17 15:55:28
0x023a3d058020fb76cca98f01b3c48c8938a22355,BLAST,0.00,3,305756.29,-10207.12,0.11,False,2025-03-17 15:55:28
0x023a3d058020fb76cca98f01b3c48c8938a22355,MEW,0.00,5,27170.27,1200.66,0.00,True,2025-03-17 15:55:28
0x023a3d058020fb76cca98f01b3c48c8938a22355,RENDER,3.14,5,229505.94,-10763.41,151.50,False,2025-03-17 15:55:28
0x023a3d058020fb76cca98f01b3c48c8938a22355,POL,0.21,5,66240.04,-603.06,33.97,False,2025-03-17 15:55:28
0x023a3d058020fb76cca98f01b3c48c8938a22355,CATI,0.15,3,27047.11,-458.15,53.50,False,2025-03-17 15:55:28
0x023a3d058020fb76cca98f01b3c48c8938a22355,HMSTR,0.00,3,65620.75,-4595.12,0.00,True,2025-03-17 15:55:28
0x023a3d058020fb76cca98f01b3c48c8938a22355,SCR,0.36,5,238983.35,630.75,0.00,True,2025-03-17 15:55:28
0x023a3d058020fb76cca98f01b3c48c8938a22355,NEIROETH,0.03,5,91788.61,2065.99,3.43,False,2025-03-17 15:55:28
0x023a3d058020fb76cca98f01b3c48c8938a22355,kNEIRO,0.26,5,69413.22,2407.36,0.00,True,2025-03-17 15:55:28
0x023a3d058020fb76cca98f01b3c48c8938a22355,GOAT,0.06,5,55057.36,-1497.32,11.06,False,2025-03-17 15:55:28
0x023a3d058020fb76cca98f01b3c48c8938a22355,MOODENG,0.04,5,143111.15,-10817.54,3.07,False,2025-03-17 15:55:28
0x023a3d058020fb76cca98f01b3c48c8938a22355,GRASS,1.45,5,216801.08,-12058.43,0.00,True,2025-03-17 15:55:28
0x023a3d058020fb76cca98f01b3c48c8938a22355,PNUT,0.18,5,166406.01,-82.73,11.48,False,2025-03-17 15:55:28
0x023a3d058020fb76cca98f01b3c48c8938a22355,XLM,0.27,5,42904.35,688.74,0.00,True,2025-03-17 15:55:28
0x023a3d058020fb76cca98f01b3c48c8938a22355,CHILLGUY,0.03,3,33605.73,-689.01,8.97,False,2025-03-17 15:55:28
0x023a3d058020fb76cca98f01b3c48c8938a22355,SAND,0.29,3,80782.87,884.32,0.00,True,2025-03-17 15:55:28
0x023a3d058020fb76cca98f01b3c48c8938a22355,HYPE,13.63,3,108997.61,-18.24,1231.92,False,2025-03-17 15:55:28
0x023a3d058020fb76cca98f01b3c48c8938a22355,ME,1.09,5,132300.49,8262.58,0.00,True,2025-03-17 15:55:28
0x023a3d058020fb76cca98f01b3c48c8938a22355,MOVE,0.47,5,239184.02,-9705.15,0.00,True,2025-03-17 15:55:28
0x023a3d058020fb76cca98f01b3c48c8938a22355,VIRTUAL,0.74,5,198692.27,-9448.81,41.42,False,2025-03-17 15:55:28
0x023a3d058020fb76cca98f01b3c48c8938a22355,PENGU,0.01,5,177618.84,-8308.82,0.41,False,2025-03-17 15:55:28
0x023a3d058020fb76cca98f01b3c48c8938a22355,FARTCOIN,0.31,3,115360.04,-12565.32,29.53,False,2025-03-17 15:55:28
0x023a3d058020fb76cca98f01b3c48c8938a22355,AI16Z,0.20,5,741001.80,-27882.09,3.10,False,2025-03-17 15:55:28
0x023a3d058020fb76cca98f01b3c48c8938a22355,AIXBT,0.12,5,301698.92,-10015.47,4.25,False,2025-03-17 15:55:28
0x023a3d058020fb76cca98f01b3c48c8938a22355,GRIFFAIN,0.04,5,30749.67,-2215.65,15.42,False,2025-03-17 15:55:28
0x023a3d058020fb76cca98f01b3c48c8938a22355,S,0.50,5,250509.25,-4458.58,21.63,False,2025-03-17 15:55:28
0x023a3d058020fb76cca98f01b3c48c8938a22355,MORPHO,1.30,3,152274.05,-2009.69,90.71,False,2025-03-17 15:55:28
0x023a3d058020fb76cca98f01b3c48c8938a22355,MELANIA,0.69,5,163179.39,-1952.11,0.00,True,2025-03-17 15:55:28
0x023a3d058020fb76cca98f01b3c48c8938a22355,ANIME,0.02,3,56543.58,-2273.09,3.25,False,2025-03-17 15:55:28
0x023a3d058020fb76cca98f01b3c48c8938a22355,VINE,0.03,5,48382.22,148.19,0.00,True,2025-03-17 15:55:28
0x023a3d058020fb76cca98f01b3c48c8938a22355,VVV,3.71,3,195353.78,4739.93,184.18,False,2025-03-17 15:55:28
0x023a3d058020fb76cca98f01b3c48c8938a22355,BERA,6.60,5,449930.61,5722.12,0.00,True,2025-03-17 15:55:28
0x023a3d058020fb76cca98f01b3c48c8938a22355,LAYER,0.89,3,26424.14,-5236.46,410.00,False,2025-03-17 15:55:28
0x023a3d058020fb76cca98f01b3c48c8938a22355,IP,5.59,3,131658.82,-1807.85,0.00,True,2025-03-17 15:55:28
0x023a3d058020fb76cca98f01b3c48c8938a22355,OM,6.62,5,930208.37,55345.70,0.00,True,2025-03-17 15:55:28
0x8cc94dc843e1ea7a19805e0cca43001123512b6a,BTC,92724.50,40,16158089.04,1572059.61,114035.05,False,2025-03-17 15:55:29
0x8cc94dc843e1ea7a19805e0cca43001123512b6a,ETH,1928.18,25,4661280.00,-33635.50,4295.08,False,2025-03-17 15:55:29
0x8cc94dc843e1ea7a19805e0cca43001123512b6a,ATOM,4.62,5,26222.52,35.03,0.00,True,2025-03-17 15:55:29
0x8cc94dc843e1ea7a19805e0cca43001123512b6a,SOL,201.79,20,2114518.73,1167970.28,472.05,False,2025-03-17 15:55:29
0x8cc94dc843e1ea7a19805e0cca43001123512b6a,AVAX,20.63,10,249957.08,22008.54,431.02,False,2025-03-17 15:55:29
0x8cc94dc843e1ea7a19805e0cca43001123512b6a,BNB,613.55,10,408635.50,-9828.68,9189.10,False,2025-03-17 15:55:29
0x8cc94dc843e1ea7a19805e0cca43001123512b6a,APE,0.62,5,57270.24,-9495.87,0.00,True,2025-03-17 15:55:29
0x8cc94dc843e1ea7a19805e0cca43001123512b6a,LTC,107.37,10,2339125.00,345033.60,316.14,False,2025-03-17 15:55:29
0x8cc94dc843e1ea7a19805e0cca43001123512b6a,STX,2.02,5,51208.80,110682.96,70.19,False,2025-03-17 15:55:29
0x8cc94dc843e1ea7a19805e0cca43001123512b6a,GMX,13.77,5,40525.02,-3063.19,1921.25,False,2025-03-17 15:55:29
0x8cc94dc843e1ea7a19805e0cca43001123512b6a,XRP,2.32,20,2625297.79,50218.97,0.00,True,2025-03-17 15:55:29
0x8cc94dc843e1ea7a19805e0cca43001123512b6a,APT,5.47,10,135246.68,-2089.97,0.00,True,2025-03-17 15:55:29
0x8cc94dc843e1ea7a19805e0cca43001123512b6a,AAVE,143.89,10,719862.36,-133362.15,1509.24,False,2025-03-17 15:55:29
0x8cc94dc843e1ea7a19805e0cca43001123512b6a,MKR,1676.16,10,851291.25,334039.72,8884.83,False,2025-03-17 15:55:29
0x8cc94dc843e1ea7a19805e0cca43001123512b6a,SEI,0.24,10,171875.54,33285.61,6.62,False,2025-03-17 15:55:29
0x8cc94dc843e1ea7a19805e0cca43001123512b6a,BANANA,14.68,3,148793.14,-24589.57,595.58,False,2025-03-17 15:55:29
0x8cc94dc843e1ea7a19805e0cca43001123512b6a,ADA,0.86,10,2487176.58,-442372.03,0.00,True,2025-03-17 15:55:29
0x8cc94dc843e1ea7a19805e0cca43001123512b6a,BADGER,2.67,5,154702.21,72266.54,62.84,False,2025-03-17 15:55:29
0x8cc94dc843e1ea7a19805e0cca43001123512b6a,IMX,0.54,5,78726.17,4239.06,0.00,True,2025-03-17 15:55:29
0x8cc94dc843e1ea7a19805e0cca43001123512b6a,JUP,0.54,10,805154.85,18421.23,4.07,False,2025-03-17 15:55:29
0x8cc94dc843e1ea7a19805e0cca43001123512b6a,EIGEN,1.14,5,53188.02,1769.41,0.00,True,2025-03-17 15:55:29
0x8cc94dc843e1ea7a19805e0cca43001123512b6a,RENDER,2.93,5,106202.03,-11824.37,164.00,False,2025-03-17 15:55:29
0x8cc94dc843e1ea7a19805e0cca43001123512b6a,NEIROETH,0.04,5,89452.35,-23017.08,0.00,True,2025-03-17 15:55:29
0x8cc94dc843e1ea7a19805e0cca43001123512b6a,GRASS,1.40,5,37046.43,-724.53,0.00,True,2025-03-17 15:55:29
0x8cc94dc843e1ea7a19805e0cca43001123512b6a,PNUT,0.20,5,340311.67,-41759.72,0.00,True,2025-03-17 15:55:29
0x8cc94dc843e1ea7a19805e0cca43001123512b6a,HYPE,14.59,3,2737522.30,192427.82,37.97,False,2025-03-17 15:55:29
0x8cc94dc843e1ea7a19805e0cca43001123512b6a,MOVE,0.48,5,619840.28,40505.62,4.22,False,2025-03-17 15:55:29
0x8cc94dc843e1ea7a19805e0cca43001123512b6a,VIRTUAL,0.62,5,176090.20,36083.53,0.00,True,2025-03-17 15:55:29
0x8cc94dc843e1ea7a19805e0cca43001123512b6a,PENGU,0.01,5,153388.10,4066.98,0.00,True,2025-03-17 15:55:29
0x8cc94dc843e1ea7a19805e0cca43001123512b6a,USUAL,0.17,5,59394.32,1286.56,0.00,True,2025-03-17 15:55:29
0x8cc94dc843e1ea7a19805e0cca43001123512b6a,AIXBT,0.14,5,32316.12,3922.39,19.47,False,2025-03-17 15:55:29
0x8cc94dc843e1ea7a19805e0cca43001123512b6a,S,0.67,5,469997.64,141001.22,6.16,False,2025-03-17 15:55:29
0x8cc94dc843e1ea7a19805e0cca43001123512b6a,IP,5.62,3,1434817.85,26595.59,24.31,False,2025-03-17 15:55:29
0x8cc94dc843e1ea7a19805e0cca43001123512b6a,OM,6.78,5,363384.93,-12925.63,107.41,False,2025-03-17 15:55:29
0x880ac484a1743862989a441d6d867238c7aa311c,BTC,83667.60,11,3879887.64,38353.04,26990.79,True,2025-03-17 15:55:30
0x880ac484a1743862989a441d6d867238c7aa311c,ETH,1909.46,12,1804756.92,30417.77,0.00,True,2025-03-17 15:55:30
0x880ac484a1743862989a441d6d867238c7aa311c,LTC,90.67,10,3699251.34,-114353.92,156.38,False,2025-03-17 15:55:30
0x880ac484a1743862989a441d6d867238c7aa311c,kPEPE,0.01,10,3701995.60,-252438.89,0.01,False,2025-03-17 15:55:30
0x880ac484a1743862989a441d6d867238c7aa311c,LINK,13.60,10,718931.36,-28138.11,63.04,False,2025-03-17 15:55:30
0x880ac484a1743862989a441d6d867238c7aa311c,XRP,2.31,10,420919.00,-9244.33,16.65,False,2025-03-17 15:55:30
0x880ac484a1743862989a441d6d867238c7aa311c,TRUMP,11.02,10,68439.13,3061.14,0.00,True,2025-03-17 15:55:30
0xecb63caa47c7c4e77f60f1ce858cf28dc2b82b00,BTC,84195.70,20,9460607.73,34394.74,0.00,True,2025-03-17 15:55:31
0xecb63caa47c7c4e77f60f1ce858cf28dc2b82b00,ETH,1944.31,20,2072159.79,-2251.75,0.00,True,2025-03-17 15:55:31
0xecb63caa47c7c4e77f60f1ce858cf28dc2b82b00,SOL,127.39,20,3056561.46,61250.85,0.00,True,2025-03-17 15:55:31
0xecb63caa47c7c4e77f60f1ce858cf28dc2b82b00,AVAX,18.62,10,87765.43,-1590.35,6954.11,False,2025-03-17 15:55:31
0xecb63caa47c7c4e77f60f1ce858cf28dc2b82b00,BNB,629.24,10,347352.12,317.43,58724.86,False,2025-03-17 15:55:31
0xecb63caa47c7c4e77f60f1ce858cf28dc2b82b00,LTC,92.43,10,682780.30,-8310.25,4492.29,False,2025-03-17 15:55:31
0xecb63caa47c7c4e77f60f1ce858cf28dc2b82b00,DOGE,0.17,10,904895.38,-22420.09,6.40,False,2025-03-17 15:55:31
0xecb63caa47c7c4e77f60f1ce858cf28dc2b82b00,SUI,2.33,10,48818.63,-794.64,1558.52,False,2025-03-17 15:55:31
0xecb63caa47c7c4e77f60f1ce858cf28dc2b82b00,kPEPE,0.01,10,1251789.66,-73586.41,0.20,False,2025-03-17 15:55:31
0xecb63caa47c7c4e77f60f1ce858cf28dc2b82b00,CRV,0.44,10,306877.82,-3611.95,46.75,False,2025-03-17 15:55:31
0xecb63caa47c7c4e77f60f1ce858cf28dc2b82b00,LDO,0.98,10,727237.28,-5582.72,44.48,False,2025-03-17 15:55:31
0xecb63caa47c7c4e77f60f1ce858cf28dc2b82b00,LINK,13.80,10,461593.02,-11657.49,998.35,False,2025-03-17 15:55:31
0xecb63caa47c7c4e77f60f1ce858cf28dc2b82b00,XRP,2.36,20,728241.35,-1576.77,109.07,False,2025-03-17 15:55:31
0xecb63caa47c7c4e77f60f1ce858cf28dc2b82b00,APT,5.32,10,189128.42,-2274.39,919.92,False,2025-03-17 15:55:31
0xecb63caa47c7c4e77f60f1ce858cf28dc2b82b00,WLD,0.89,10,1178349.20,3530.85,25.13,False,2025-03-17 15:55:31
0xecb63caa47c7c4e77f60f1ce858cf28dc2b82b00,TRX,0.22,10,338855.08,-6509.23,21.03,False,2025-03-17 15:55:31
0xecb63caa47c7c4e77f60f1ce858cf28dc2b82b00,UNI,6.34,10,270805.83,-471.04,759.74,False,2025-03-17 15:55:31
0xecb63caa47c7c4e77f60f1ce858cf28dc2b82b00,SEI,0.20,10,206751.89,-3482.14,31.73,False,2025-03-17 15:55:31
0xecb63caa47c7c4e77f60f1ce858cf28dc2b82b00,TIA,3.49,10,281801.63,1006.09,399.91,False,2025-03-17 15:55:31
0xecb63caa47c7c4e77f60f1ce858cf28dc2b82b00,kBONK,0.01,10,612939.54,-16750.90,0.60,False,2025-03-17 15:55:31
0xecb63caa47c7c4e77f60f1ce858cf28dc2b82b00,JUP,0.51,5,50632.53,-1318.17,333.86,False,2025-03-17 15:55:31
0xecb63caa47c7c4e77f60f1ce858cf28dc2b82b00,WIF,0.49,5,429362.87,-12027.12,38.53,False,2025-03-17 15:55:31
0xecb63caa47c7c4e77f60f1ce858cf28dc2b82b00,ONDO,0.86,10,895841.92,-17965.16,32.39,False,2025-03-17 15:55:31
0xecb63caa47c7c4e77f60f1ce858cf28dc2b82b00,TAO,252.45,5,178862.54,-3955.05,44482.46,False,2025-03-17 15:55:31
0xecb63caa47c7c4e77f60f1ce858cf28dc2b82b00,ETHFI,0.84,5,56029.29,12050.42,380.63,False,2025-03-17 15:55:31
0xecb63caa47c7c4e77f60f1ce858cf28dc2b82b00,ENA,0.37,5,1076208.55,-30960.94,11.83,False,2025-03-17 15:55:31
0xecb63caa47c7c4e77f60f1ce858cf28dc2b82b00,POPCAT,0.19,5,1079490.88,-75103.63,6.32,False,2025-03-17 15:55:31
0xecb63caa47c7c4e77f60f1ce858cf28dc2b82b00,EIGEN,1.15,5,159587.07,-3463.26,227.10,False,2025-03-17 15:55:31
0xecb63caa47c7c4e77f60f1ce858cf28dc2b82b00,GOAT,0.06,5,347273.98,-8541.91,5.23,False,2025-03-17 15:55:31
0xecb63caa47c7c4e77f60f1ce858cf28dc2b82b00,MOODENG,0.04,5,187136.02,-14136.21,6.90,False,2025-03-17 15:55:31
0xecb63caa47c7c4e77f60f1ce858cf28dc2b82b00,GRASS,1.29,5,363869.96,21391.32,0.00,True,2025-03-17 15:55:31
0xecb63caa47c7c4e77f60f1ce858cf28dc2b82b00,PURR,0.08,3,1155637.43,-18974.31,2.15,False,2025-03-17 15:55:31
0xecb63caa47c7c4e77f60f1ce858cf28dc2b82b00,HYPE,13.68,3,8068673.83,32442.54,62.43,False,2025-03-17 15:55:31
0xecb63caa47c7c4e77f60f1ce858cf28dc2b82b00,VIRTUAL,0.70,5,712951.10,-74258.79,34.37,False,2025-03-17 15:55:31
0xecb63caa47c7c4e77f60f1ce858cf28dc2b82b00,PENGU,0.01,5,218792.05,-9546.38,0.98,False,2025-03-17 15:55:31
0xecb63caa47c7c4e77f60f1ce858cf28dc2b82b00,USUAL,0.21,5,187494.99,-29395.11,0.00,True,2025-03-17 15:55:31
0xecb63caa47c7c4e77f60f1ce858cf28dc2b82b00,FARTCOIN,0.29,3,1803571.41,-268486.06,5.88,False,2025-03-17 15:55:31
0xecb63caa47c7c4e77f60f1ce858cf28dc2b82b00,AI16Z,0.21,5,880788.93,12219.11,7.43,False,2025-03-17 15:55:31
0xecb63caa47c7c4e77f60f1ce858cf28dc2b82b00,AIXBT,0.12,5,802402.29,5933.44,4.73,False,2025-03-17 15:55:31
0xecb63caa47c7c4e77f60f1ce858cf28dc2b82b00,GRIFFAIN,0.07,5,444067.21,196194.97,3.20,False,2025-03-17 15:55:31
0xecb63caa47c7c4e77f60f1ce858cf28dc2b82b00,SPX,0.39,5,118986.06,4821.19,0.00,True,2025-03-17 15:55:31
0xecb63caa47c7c4e77f60f1ce858cf28dc2b82b00,MORPHO,1.28,5,38240.04,-965.64,1056.98,False,2025-03-17 15:55:31
0xecb63caa47c7c4e77f60f1ce858cf28dc2b82b00,TRUMP,11.25,10,277496.67,6718.44,0.00,True,2025-03-17 15:55:31
0xecb63caa47c7c4e77f60f1ce858cf28dc2b82b00,MELANIA,0.68,5,183653.89,1383.10,0.00,True,2025-03-17 15:55:31
0xecb63caa47c7c4e77f60f1ce858cf28dc2b82b00,VVV,3.68,3,385477.31,-6547.07,0.00,True,2025-03-17 15:55:31
0xecb63caa47c7c4e77f60f1ce858cf28dc2b82b00,JELLY,0.01,3,1003740.61,-753810.24,0.63,False,2025-03-17 15:55:31
0xecb63caa47c7c4e77f60f1ce858cf28dc2b82b00,BERA,6.76,5,343925.26,-4106.35,0.00,True,2025-03-17 15:55:31
0xecb63caa47c7c4e77f60f1ce858cf28dc2b82b00,LAYER,1.15,3,27757.98,-979.81,0.00,True,2025-03-17 15:55:31
0xecb63caa47c7c4e77f60f1ce858cf28dc2b82b00,KAITO,1.52,5,459832.55,-30155.10,0.00,True,2025-03-17 15:55:31
0x45d26f28196d226497130c4bac709d808fed4029,BTC,84253.10,20,4005774.00,12172.82,0.00,True,2025-03-17 15:55:32
0x45d26f28196d226497130c4bac709d808fed4029,ETH,3314.53,20,6234462.00,4405184.03,3996.15,False,2025-03-17 15:55:32
0x45d26f28196d226497130c4bac709d808fed4029,ATOM,10.17,5,113910.30,136358.26,271.34,False,2025-03-17 15:55:32
0x45d26f28196d226497130c4bac709d808fed4029,SOL,197.16,20,1988304.06,1027660.22,558.89,False,2025-03-17 15:55:32
0x45d26f28196d226497130c4bac709d808fed4029,AVAX,49.45,10,187154.94,300956.45,683.71,False,2025-03-17 15:55:32
0x45d26f28196d226497130c4bac709d808fed4029,BNB,699.54,10,704110.40,79377.47,6486.74,False,2025-03-17 15:55:32
0x45d26f28196d226497130c4bac709d808fed4029,OP,2.26,10,69517.08,103601.20,86.67,False,2025-03-17 15:55:32
0x45d26f28196d226497130c4bac709d808fed4029,ARB,1.14,10,151072.60,311208.17,16.53,False,2025-03-17 15:55:32
0x45d26f28196d226497130c4bac709d808fed4029,kPEPE,0.02,10,184243.80,226161.67,0.27,False,2025-03-17 15:55:32
0x45d26f28196d226497130c4bac709d808fed4029,STX,2.03,5,64532.16,139914.90,65.73,False,2025-03-17 15:55:32
0x45d26f28196d226497130c4bac709d808fed4029,XRP,2.07,20,590775.00,-73792.01,28.61,False,2025-03-17 15:55:32
0x45d26f28196d226497130c4bac709d808fed4029,MKR,1889.29,10,282893.00,161092.01,29123.09,False,2025-03-17 15:55:32
0x45d26f28196d226497130c4bac709d808fed4029,TRX,0.32,10,40424.80,17881.97,35.03,False,2025-03-17 15:55:32
0x45d26f28196d226497130c4bac709d808fed4029,kSHIB,0.03,10,250202.61,341138.42,0.35,False,2025-03-17 15:55:32
0x45d26f28196d226497130c4bac709d808fed4029,UNI,19.32,10,64845.48,132266.10,649.60,False,2025-03-17 15:55:32
0x45d26f28196d226497130c4bac709d808fed4029,SEI,0.60,10,28428.40,54909.04,45.95,False,2025-03-17 15:55:32
0x45d26f28196d226497130c4bac709d808fed4029,ZRO,6.36,5,74151.35,117232.10,205.58,False,2025-03-17 15:55:32
0x45d26f28196d226497130c4bac709d808fed4029,PENDLE,6.04,5,57877.04,91192.35,261.65,False,2025-03-17 15:55:32
0x45d26f28196d226497130c4bac709d808fed4029,FIL,7.91,5,58925.44,96069.67,329.78,False,2025-03-17 15:55:32
0x45d26f28196d226497130c4bac709d808fed4029,kBONK,0.04,10,428006.12,1052132.39,0.18,False,2025-03-17 15:55:32
0x45d26f28196d226497130c4bac709d808fed4029,ONDO,0.92,10,145120.80,7351.79,39.70,False,2025-03-17 15:55:32
0x45d26f28196d226497130c4bac709d808fed4029,TAO,621.04,5,559067.95,785478.37,3082.11,False,2025-03-17 15:55:32
0x45d26f28196d226497130c4bac709d808fed4029,kFLOKI,0.23,5,167455.00,449485.96,2.35,False,2025-03-17 15:55:32
0x45d26f28196d226497130c4bac709d808fed4029,ENA,1.10,5,917762.56,1724847.93,3.06,False,2025-03-17 15:55:32
0x45d26f28196d226497130c4bac709d808fed4029,POPCAT,1.25,5,163032.87,830284.13,8.28,False,2025-03-17 15:55:32
0x45d26f28196d226497130c4bac709d808fed4029,ZK,0.15,5,29695.89,30512.19,14.98,False,2025-03-17 15:55:32
0x45d26f28196d226497130c4bac709d808fed4029,BLAST,0.02,3,57095.96,223065.28,0.33,False,2025-03-17 15:55:32
0x45d26f28196d226497130c4bac709d808fed4029,POL,0.72,5,38089.92,88488.66,36.61,False,2025-03-17 15:55:32
0x45d26f28196d226497130c4bac709d808fed4029,GOAT,0.95,5,86955.28,1323612.74,4.18,False,2025-03-17 15:55:32
0x45d26f28196d226497130c4bac709d808fed4029,MOODENG,0.48,5,149755.73,1578267.81,1.75,False,2025-03-17 15:55:32
0x45d26f28196d226497130c4bac709d808fed4029,GRASS,3.55,5,27454.00,43461.28,307.06,False,2025-03-17 15:55:32
0x45d26f28196d226497130c4bac709d808fed4029,PNUT,1.45,5,123139.53,855693.34,9.21,False,2025-03-17 15:55:32
0x45d26f28196d226497130c4bac709d808fed4029,CHILLGUY,0.42,3,48554.98,608305.20,3.69,False,2025-03-17 15:55:32
0x45d26f28196d226497130c4bac709d808fed4029,HYPE,19.08,3,3339032.03,1334424.45,37.17,False,2025-03-17 15:55:32
0x45d26f28196d226497130c4bac709d808fed4029,VIRTUAL,3.82,5,78130.00,304248.85,61.92,False,2025-03-17 15:55:32
0x45d26f28196d226497130c4bac709d808fed4029,PENGU,0.03,5,234402.20,737108.76,0.19,False,2025-03-17 15:55:32
0x45d26f28196d226497130c4bac709d808fed4029,USUAL,1.07,5,26604.00,133583.70,40.94,False,2025-03-17 15:55:32
0x45d26f28196d226497130c4bac709d808fed4029,FARTCOIN,1.00,3,182727.18,345050.54,11.24,False,2025-03-17 15:55:32
0x45d26f28196d226497130c4bac709d808fed4029,AI16Z,0.97,5,56480.80,207703.30,22.68,False,2025-03-17 15:55:32
0x45d26f28196d226497130c4bac709d808fed4029,ZEREBRO,0.19,5,29436.58,128995.90,7.46,False,2025-03-17 15:55:32
0x45d26f28196d226497130c4bac709d808fed4029,BERA,7.49,5,534528.00,64897.95,83.10,False,2025-03-17 15:55:32
0x4a96036fb1529561fa3eeeb2781fad2d4f25500e,BTC,83582.60,40,17493570.00,191964.82,71685.01,True,2025-03-17 15:55:34
0x4a96036fb1529561fa3eeeb2781fad2d4f25500e,SOL,125.22,20,389940.00,14287.69,0.00,True,2025-03-17 15:55:34
0x4a96036fb1529561fa3eeeb2781fad2d4f25500e,SUI,2.84,10,473300.00,-94806.64,0.00,True,2025-03-17 15:55:34
0x4a96036fb1529561fa3eeeb2781fad2d4f25500e,LINK,13.98,10,169848.00,-2083.15,222.22,False,2025-03-17 15:55:34
0x4a96036fb1529561fa3eeeb2781fad2d4f25500e,XRP,2.16,20,803454.00,69189.90,0.00,True,2025-03-17 15:55:34
0x4a96036fb1529561fa3eeeb2781fad2d4f25500e,ADA,0.87,10,727160.00,-138750.68,0.00,True,2025-03-17 15:55:34
0x4a96036fb1529561fa3eeeb2781fad2d4f25500e,POPCAT,0.26,5,74012.40,19403.94,7.14,False,2025-03-17 15:55:34
0x4a96036fb1529561fa3eeeb2781fad2d4f25500e,HYPE,17.20,3,702056.18,183520.23,57.26,False,2025-03-17 15:55:34
0x4a96036fb1529561fa3eeeb2781fad2d4f25500e,MELANIA,0.66,5,51096.75,1368.83,0.00,True,2025-03-17 15:55:34
0x8bff50aad8b4e06c5e148eaeb9d7aef69e26cdc3,SOL,124.78,20,268465.89,-10743.73,324.91,False,2025-03-17 15:55:35
0x8bff50aad8b4e06c5e148eaeb9d7aef69e26cdc3,AVAX,19.79,10,944686.84,41411.63,26.85,False,2025-03-17 15:55:35
0x8bff50aad8b4e06c5e148eaeb9d7aef69e26cdc3,USUAL,0.17,5,35501.23,-1565.24,2.05,False,2025-03-17 15:55:35
0x8af700ba841f30e0a3fcb0ee4c4a9d223e1efa05,BTC,83422.70,40,118957719.43,1530378.33,78253.70,True,2025-03-17 15:55:36
0x8af700ba841f30e0a3fcb0ee4c4a9d223e1efa05,ETH,1913.70,25,19422377.53,-284006.82,2794.63,False,2025-03-17 15:55:36
0x8af700ba841f30e0a3fcb0ee4c4a9d223e1efa05,AVAX,42.12,10,229224.82,280039.49,720.61,False,2025-03-17 15:55:36
0x8af700ba841f30e0a3fcb0ee4c4a9d223e1efa05,OP,1.42,10,106839.26,60388.55,73.04,False,2025-03-17 15:55:36
0x8af700ba841f30e0a3fcb0ee4c4a9d223e1efa05,LTC,87.63,10,796219.31,50357.32,0.00,True,2025-03-17 15:55:36
0x8af700ba841f30e0a3fcb0ee4c4a9d223e1efa05,DOGE,0.32,10,2333990.92,1955119.86,0.81,False,2025-03-17 15:55:36
0x8af700ba841f30e0a3fcb0ee4c4a9d223e1efa05,SUI,2.22,10,5115439.68,-313260.80,6.29,False,2025-03-17 15:55:36
0x8af700ba841f30e0a3fcb0ee4c4a9d223e1efa05,CRV,0.32,10,432650.90,-119462.49,8.92,False,2025-03-17 15:55:36
0x8af700ba841f30e0a3fcb0ee4c4a9d223e1efa05,LINK,14.08,10,8174828.56,-40248.52,28.49,False,2025-03-17 15:55:36
0x8af700ba841f30e0a3fcb0ee4c4a9d223e1efa05,SNX,0.94,3,180892.84,-15183.41,0.00,True,2025-03-17 15:55:36
0x8af700ba841f30e0a3fcb0ee4c4a9d223e1efa05,XRP,1.93,20,13210569.24,-2421402.95,3.88,False,2025-03-17 15:55:36
0x8af700ba841f30e0a3fcb0ee4c4a9d223e1efa05,BCH,320.56,10,68038.00,-3925.95,42761.59,False,2025-03-17 15:55:36
0x8af700ba841f30e0a3fcb0ee4c4a9d223e1efa05,APT,8.99,10,964464.09,644917.86,52.79,False,2025-03-17 15:55:36
0x8af700ba841f30e0a3fcb0ee4c4a9d223e1efa05,AAVE,170.76,10,689820.24,22451.02,0.00,True,2025-03-17 15:55:36
0x8af700ba841f30e0a3fcb0ee4c4a9d223e1efa05,MKR,1718.77,10,179744.31,76892.38,56672.60,False,2025-03-17 15:55:36
0x8af700ba841f30e0a3fcb0ee4c4a9d223e1efa05,WLD,1.19,10,311874.63,-104726.21,0.00,True,2025-03-17 15:55:36
0x8af700ba841f30e0a3fcb0ee4c4a9d223e1efa05,kSHIB,0.02,10,47970.83,42590.88,2.32,False,2025-03-17 15:55:36
0x8af700ba841f30e0a3fcb0ee4c4a9d223e1efa05,SEI,0.70,10,71067.50,174872.58,23.87,False,2025-03-17 15:55:36
0x8af700ba841f30e0a3fcb0ee4c4a9d223e1efa05,ADA,0.61,10,1528027.10,-238098.39,4.67,False,2025-03-17 15:55:36
0x8af700ba841f30e0a3fcb0ee4c4a9d223e1efa05,TON,5.94,10,404925.56,284957.24,74.83,False,2025-03-17 15:55:36
0x8af700ba841f30e0a3fcb0ee4c4a9d223e1efa05,PENDLE,5.50,5,364050.65,490986.87,55.65,False,2025-03-17 15:55:36
0x8af700ba841f30e0a3fcb0ee4c4a9d223e1efa05,NEAR,6.36,10,162233.94,224057.33,142.35,False,2025-03-17 15:55:36
0x8af700ba841f30e0a3fcb0ee4c4a9d223e1efa05,ORDI,40.94,5,27977.46,90758.50,2865.60,False,2025-03-17 15:55:36
0x8af700ba841f30e0a3fcb0ee4c4a9d223e1efa05,kBONK,0.03,10,269245.21,389106.50,0.36,False,2025-03-17 15:55:36
0x8af700ba841f30e0a3fcb0ee4c4a9d223e1efa05,GALA,0.04,3,117964.79,145456.73,1.23,False,2025-03-17 15:55:36
0x8af700ba841f30e0a3fcb0ee4c4a9d223e1efa05,TAO,471.75,5,103311.88,85422.50,20018.94,False,2025-03-17 15:55:36
0x8af700ba841f30e0a3fcb0ee4c4a9d223e1efa05,ENA,0.79,5,1055380.75,1115002.26,3.39,False,2025-03-17 15:55:36
0x8af700ba841f30e0a3fcb0ee4c4a9d223e1efa05,POPCAT,0.18,10,1453787.34,191520.95,0.00,True,2025-03-17 15:55:36
0x8af700ba841f30e0a3fcb0ee4c4a9d223e1efa05,GRASS,2.87,5,371193.87,404661.68,30.61,False,2025-03-17 15:55:36
0x8af700ba841f30e0a3fcb0ee4c4a9d223e1efa05,PNUT,0.17,5,981548.40,54540.86,0.00,True,2025-03-17 15:55:36
0x8af700ba841f30e0a3fcb0ee4c4a9d223e1efa05,HYPE,23.01,3,836979.43,575763.78,135.07,False,2025-03-17 15:55:36
0x8af700ba841f30e0a3fcb0ee4c4a9d223e1efa05,TRUMP,23.77,10,727689.63,772071.93,26.97,False,2025-03-17 15:55:36
0x7fdafde5cfb5465924316eced2d3715494c517d1,BTC,82640.40,20,19804228.90,438111.51,41288.87,True,2025-03-17 15:55:37
0x7fdafde5cfb5465924316eced2d3715494c517d1,ETH,1892.03,20,2036178.04,52485.68,0.00,True,2025-03-17 15:55:37
0x7fdafde5cfb5465924316eced2d3715494c517d1,SOL,147.22,20,5229077.96,695580.69,372.42,False,2025-03-17 15:55:37
0x7fdafde5cfb5465924316eced2d3715494c517d1,BNB,626.64,10,319616.47,-976.23,19361.73,False,2025-03-17 15:55:37
0x7fdafde5cfb5465924316eced2d3715494c517d1,DOGE,0.20,10,432419.35,69359.37,4.13,False,2025-03-17 15:55:37
0x7fdafde5cfb5465924316eced2d3715494c517d1,XRP,2.27,20,6741839.23,263749.81,0.00,True,2025-03-17 15:55:37
0x7fdafde5cfb5465924316eced2d3715494c517d1,WIF,0.58,10,60060.83,8801.26,81.19,False,2025-03-17 15:55:37
0x7fdafde5cfb5465924316eced2d3715494c517d1,POPCAT,0.54,5,1729774.73,2837428.19,1.34,False,2025-03-17 15:55:37
0x7fdafde5cfb5465924316eced2d3715494c517d1,GOAT,0.48,5,76922.80,551244.02,6.99,False,2025-03-17 15:55:37
0x7fdafde5cfb5465924316eced2d3715494c517d1,HYPE,18.09,3,2950132.28,962894.05,53.26,False,2025-03-17 15:55:37
0xa312114b5795dff9b8db50474dd57701aa78ad1e,BTC,97153.80,20,223023.06,33382.43,1495950.82,False,2025-03-17 15:55:38
0xa312114b5795dff9b8db50474dd57701aa78ad1e,ETH,2731.92,20,1196042.87,486416.50,7990.72,False,2025-03-17 15:55:38
0xa312114b5795dff9b8db50474dd57701aa78ad1e,SOL,224.52,20,173147.32,126054.37,2884.30,False,2025-03-17 15:55:38
0xa312114b5795dff9b8db50474dd57701aa78ad1e,DOGE,0.35,10,5155927.06,5234624.17,0.30,False,2025-03-17 15:55:38
0xa312114b5795dff9b8db50474dd57701aa78ad1e,SUI,3.14,10,167274.31,54738.79,54.28,False,2025-03-17 15:55:38
0xa312114b5795dff9b8db50474dd57701aa78ad1e,kPEPE,0.02,10,3276210.46,3465725.61,0.02,False,2025-03-17 15:55:38
0xa312114b5795dff9b8db50474dd57701aa78ad1e,XRP,1.17,20,182885.20,-92022.56,49.78,False,2025-03-17 15:55:38
0xa312114b5795dff9b8db50474dd57701aa78ad1e,HYPE,17.59,3,1658552.38,481255.03,40.14,False,2025-03-17 15:55:38
0x8607a7d180de23645db594d90621d837749408d5,BTC,83962.30,20,7009098.21,45005.56,6326.32,True,2025-03-17 15:55:39
0x8607a7d180de23645db594d90621d837749408d5,ETH,1927.91,20,1557137.33,11374.11,0.00,True,2025-03-17 15:55:39
0x8607a7d180de23645db594d90621d837749408d5,SOL,118.54,20,242059.59,21219.61,0.00,True,2025-03-17 15:55:39
0x8607a7d180de23645db594d90621d837749408d5,DOGE,0.31,10,5095053.11,-4037018.10,0.00,True,2025-03-17 15:55:39
0x8607a7d180de23645db594d90621d837749408d5,INJ,21.66,10,144694.91,161952.17,451.42,False,2025-03-17 15:55:39
0x8607a7d180de23645db594d90621d837749408d5,kPEPE,0.01,10,897529.74,72412.23,0.00,True,2025-03-17 15:55:39
0x8607a7d180de23645db594d90621d837749408d5,LDO,1.83,10,244236.16,209716.86,25.59,False,2025-03-17 15:55:39
0x8607a7d180de23645db594d90621d837749408d5,XRP,2.33,20,110234.31,1343.05,0.00,True,2025-03-17 15:55:39
0x8607a7d180de23645db594d90621d837749408d5,MKR,1435.71,10,1275523.16,245988.41,6958.13,False,2025-03-17 15:55:39
0x8607a7d180de23645db594d90621d837749408d5,WLD,1.80,10,370924.76,377975.93,15.51,False,2025-03-17 15:55:39
0x8607a7d180de23645db594d90621d837749408d5,SEI,0.25,10,70158.23,-17829.90,0.00,True,2025-03-17 15:55:39
0x8607a7d180de23645db594d90621d837749408d5,RUNE,3.48,5,48488.00,90716.87,153.67,False,2025-03-17 15:55:39
0x8607a7d180de23645db594d90621d837749408d5,ZRO,4.38,5,529222.78,410926.09,29.55,False,2025-03-17 15:55:39
0x8607a7d180de23645db594d90621d837749408d5,NEAR,3.27,10,144124.43,-32589.30,0.00,True,2025-03-17 15:55:39
0x8607a7d180de23645db594d90621d837749408d5,kBONK,0.02,10,213541.51,-98255.67,0.00,True,2025-03-17 15:55:39
0x8607a7d180de23645db594d90621d837749408d5,WIF,0.77,5,46145.75,-23759.91,0.00,True,2025-03-17 15:55:39
0x8607a7d180de23645db594d90621d837749408d5,TAO,478.85,5,338229.09,289046.83,4702.03,False,2025-03-17 15:55:39
0x8607a7d180de23645db594d90621d837749408d5,ENA,0.61,10,537991.97,-315824.73,0.00,True,2025-03-17 15:55:39
0x8607a7d180de23645db594d90621d837749408d5,RENDER,6.46,5,328321.43,316141.69,61.65,False,2025-03-17 15:55:39
0x8607a7d180de23645db594d90621d837749408d5,GOAT,0.25,3,127563.48,-408668.13,0.00,True,2025-03-17 15:55:39
0x8607a7d180de23645db594d90621d837749408d5,GRASS,1.42,5,31905.94,-1093.55,0.00,True,2025-03-17 15:55:39
0x8607a7d180de23645db594d90621d837749408d5,PURR,0.43,3,69088.08,288320.92,6.64,False,2025-03-17 15:55:39
0x8607a7d180de23645db594d90621d837749408d5,HYPE,13.10,3,364896.42,14223.86,0.00,True,2025-03-17 15:55:39
0x8607a7d180de23645db594d90621d837749408d5,VIRTUAL,2.33,5,88150.86,-174309.20,0.00,True,2025-03-17 15:55:39
0x8607a7d180de23645db594d90621d837749408d5,USUAL,0.32,5,400761.59,-333533.24,0.00,True,2025-03-17 15:55:39
0x8607a7d180de23645db594d90621d837749408d5,FARTCOIN,0.73,3,44903.81,49556.71,42.55,False,2025-03-17 15:55:39
0x8607a7d180de23645db594d90621d837749408d5,AIXBT,0.47,5,26523.20,77807.71,26.58,False,2025-03-17 15:55:39
0x8607a7d180de23645db594d90621d837749408d5,VINE,0.03,5,39150.20,-4854.99,0.00,True,2025-03-17 15:55:39
0x56498e5f90c14060499b62b6f459b3e3fb9280c5,BTC,83807.10,40,29520200.10,243796.90,54116.68,True,2025-03-17 15:55:41
0x56498e5f90c14060499b62b6f459b3e3fb9280c5,ETH,1852.01,25,10567813.83,490188.39,0.00,True,2025-03-17 15:55:41
0x56498e5f90c14060499b62b6f459b3e3fb9280c5,SOL,132.81,20,3023069.62,-66972.61,0.00,True,2025-03-17 15:55:41
0x56498e5f90c14060499b62b6f459b3e3fb9280c5,LINK,13.71,10,3915838.17,120710.33,0.00,True,2025-03-17 15:55:41
0x56498e5f90c14060499b62b6f459b3e3fb9280c5,XRP,2.20,20,5726412.71,397448.26,0.00,True,2025-03-17 15:55:41
0x56498e5f90c14060499b62b6f459b3e3fb9280c5,ADA,0.90,10,8155090.12,-1960660.82,0.00,True,2025-03-17 15:55:41
0x56498e5f90c14060499b62b6f459b3e3fb9280c5,ENA,0.43,10,1478901.32,165164.26,2.97,False,2025-03-17 15:55:41
0x56498e5f90c14060499b62b6f459b3e3fb9280c5,FARTCOIN,0.25,3,1202564.45,-318019.56,2.93,False,2025-03-17 15:55:41
0x20c2d95a3dfdca9e9ad12794d5fa6fad99da44f5,ETH,3027.22,25,148681556.67,83181379.45,3194.55,False,2025-03-17 15:55:42
0xa2ce501d9c0c5e23d34272f84402cfb7835b3126,BTC,82165.20,20,16891680.13,466712.62,57393.70,True,2025-03-17 15:55:44
0xa2ce501d9c0c5e23d34272f84402cfb7835b3126,ETH,2203.73,20,15799498.62,-2136743.21,1275.45,True,2025-03-17 15:55:44
0xa2ce501d9c0c5e23d34272f84402cfb7835b3126,SOL,173.93,10,5195600.00,-1761763.95,0.00,True,2025-03-17 15:55:44
0xa2ce501d9c0c5e23d34272f84402cfb7835b3126,AVAX,32.81,10,2091542.28,-1529856.19,0.00,True,2025-03-17 15:55:44
0xa2ce501d9c0c5e23d34272f84402cfb7835b3126,LTC,92.37,10,6078150.00,73971.05,6.64,True,2025-03-17 15:55:44
0xa2ce501d9c0c5e23d34272f84402cfb7835b3126,DOGE,0.16,10,1738579.20,135093.93,0.00,True,2025-03-17 15:55:44
0xa2ce501d9c0c5e23d34272f84402cfb7835b3126,kPEPE,0.01,5,2245339.51,-1545155.08,0.00,True,2025-03-17 15:55:44
0xa2ce501d9c0c5e23d34272f84402cfb7835b3126,LINK,14.15,10,4242900.00,-3024.76,0.00,True,2025-03-17 15:55:44
0xa2ce501d9c0c5e23d34272f84402cfb7835b3126,SNX,0.86,3,262916.77,3184.83,0.00,True,2025-03-17 15:55:44
0xa2ce501d9c0c5e23d34272f84402cfb7835b3126,XRP,2.12,20,4726265.16,476929.87,0.00,True,2025-03-17 15:55:44
0xa2ce501d9c0c5e23d34272f84402cfb7835b3126,WLD,0.81,10,888900.00,74127.71,0.00,True,2025-03-17 15:55:44
0xa2ce501d9c0c5e23d34272f84402cfb7835b3126,ADA,0.79,10,2907200.00,-262898.14,0.00,True,2025-03-17 15:55:44
0xa2ce501d9c0c5e23d34272f84402cfb7835b3126,NEAR,2.69,10,1337269.20,-10633.49,0.00,True,2025-03-17 15:55:44
0xa2ce501d9c0c5e23d34272f84402cfb7835b3126,kBONK,0.01,10,1129599.77,-15988.33,0.00,True,2025-03-17 15:55:44
0xa2ce501d9c0c5e23d34272f84402cfb7835b3126,WIF,0.52,5,1022185.50,-25015.79,0.00,True,2025-03-17 15:55:44
0xa2ce501d9c0c5e23d34272f84402cfb7835b3126,ENA,0.36,10,2683240.00,163385.87,0.00,True,2025-03-17 15:55:44
0xa2ce501d9c0c5e23d34272f84402cfb7835b3126,HBAR,0.20,5,1193550.98,-27805.17,0.00,True,2025-03-17 15:55:44
0xa2ce501d9c0c5e23d34272f84402cfb7835b3126,POPCAT,0.20,10,1543906.21,63978.42,0.00,True,2025-03-17 15:55:44
0xa2ce501d9c0c5e23d34272f84402cfb7835b3126,GOAT,0.06,5,242383.70,5044.79,0.00,True,2025-03-17 15:55:44
0xa2ce501d9c0c5e23d34272f84402cfb7835b3126,PURR,0.18,3,498909.17,-571204.44,0.00,True,2025-03-17 15:55:44
0xa2ce501d9c0c5e23d34272f84402cfb7835b3126,HYPE,14.33,3,4092850.34,-210421.78,0.00,True,2025-03-17 15:55:44
0xa2ce501d9c0c5e23d34272f84402cfb7835b3126,FARTCOIN,0.30,3,1034670.00,147264.34,0.00,True,2025-03-17 15:55:44
0xa2ce501d9c0c5e23d34272f84402cfb7835b3126,AIXBT,0.10,5,602400.00,80569.70,0.00,True,2025-03-17 15:55:44
0xa2ce501d9c0c5e23d34272f84402cfb7835b3126,VINE,0.09,3,228320.00,-479914.12,0.00,True,2025-03-17 15:55:44
0x9cbf099ff424979439dfba03f00b5961784c06ce,ETH,1848.24,25,11966761.02,571272.47,1536.78,True,2025-03-17 15:55:46
0x9cbf099ff424979439dfba03f00b5961784c06ce,OP,0.77,10,90784.00,13868.70,0.00,True,2025-03-17 15:55:46
0x9cbf099ff424979439dfba03f00b5961784c06ce,ARB,0.31,10,37189.00,6004.84,0.00,True,2025-03-17 15:55:46
0x9cbf099ff424979439dfba03f00b5961784c06ce,AAVE,177.74,10,819011.09,-6228.84,0.00,True,2025-03-17 15:55:46
0x9cbf099ff424979439dfba03f00b5961784c06ce,MKR,1078.70,10,3023600.51,313745.35,180.43,True,2025-03-17 15:55:46
0x9cbf099ff424979439dfba03f00b5961784c06ce,TIA,2.75,10,438424.48,91438.67,0.00,True,2025-03-17 15:55:46
0x9cbf099ff424979439dfba03f00b5961784c06ce,HYPE,13.95,3,545120.00,-12902.55,0.00,True,2025-03-17 15:55:46
0x24fb6523036ebcb3cc51deff138066dccf6bed0f,HYPE,13.41,3,367735.23,5758.21,0.00,True,2025-03-17 15:55:47
0x565a65432ca44a999eb7217815d58594a559ccb2,BTC,83694.60,20,4028074.20,35840.92,69107.93,True,2025-03-17 15:55:48
0xf3f496c9486be5924a93d67e98298733bb47057c,BTC,83898.20,40,524448020.24,-3364710.61,85543.36,False,2025-03-17 15:55:50
0xf3f496c9486be5924a93d67e98298733bb47057c,ETH,1944.60,25,7679163.50,18223.66,3658.52,False,2025-03-17 15:55:50
0x9f70c7ed063bddc92a780fc3e6b365e13a75db0d,HYPE,14.15,3,6290536.17,-244047.32,6.85,True,2025-03-17 15:55:51
0x940df59ba33f3387deff3c2400fecf1286fcce4c,ETH,2171.27,20,34726000.00,-4139851.80,1717.31,True,2025-03-17 15:55:54
0x76c2164fc79492401db1890db0d17d16b9155aa0,BTC,82000.10,40,5347268.55,-154198.68,162321.20,False,2025-03-17 15:55:56
0x76c2164fc79492401db1890db0d17d16b9155aa0,XRP,2.63,20,264190.05,30672.65,45.90,False,2025-03-17 15:55:56
0x76c2164fc79492401db1890db0d17d16b9155aa0,ADA,0.81,10,236747.72,26109.62,15.32,False,2025-03-17 15:55:56
0x76c2164fc79492401db1890db0d17d16b9155aa0,HYPE,20.76,3,2812055.45,1474596.03,34.36,False,2025-03-17 15:55:56
0x29eb62882a8bd104a64400a2971d0d6881777043,SUI,2.68,10,88070.93,-11972.43,0.00,True,2025-03-17 15:56:02
0x29eb62882a8bd104a64400a2971d0d6881777043,kPEPE,0.01,10,622723.41,-43563.45,0.02,False,2025-03-17 15:56:02
0x29eb62882a8bd104a64400a2971d0d6881777043,XRP,2.15,20,79635.85,7075.03,0.00,True,2025-03-17 15:56:02
0x29eb62882a8bd104a64400a2971d0d6881777043,ZRO,2.29,5,282694.16,-19717.32,14.04,False,2025-03-17 15:56:02
0x29eb62882a8bd104a64400a2971d0d6881777043,ADA,0.83,10,58664.21,-8082.02,0.00,True,2025-03-17 15:56:02
0x29eb62882a8bd104a64400a2971d0d6881777043,ZK,0.13,5,371039.11,283543.96,0.33,False,2025-03-17 15:56:02
0x29eb62882a8bd104a64400a2971d0d6881777043,RENDER,4.10,5,95317.18,23592.30,49.15,False,2025-03-17 15:56:02
0x29eb62882a8bd104a64400a2971d0d6881777043,MOVE,0.50,5,343467.67,-35687.30,0.00,True,2025-03-17 15:56:02
0x29eb62882a8bd104a64400a2971d0d6881777043,VIRTUAL,0.69,3,389480.00,43465.00,0.00,True,2025-03-17 15:56:02
0x29eb62882a8bd104a64400a2971d0d6881777043,USUAL,0.18,5,293157.27,-2232.96,0.00,True,2025-03-17 15:56:02
0x29eb62882a8bd104a64400a2971d0d6881777043,FARTCOIN,0.33,3,300884.78,-9299.99,1.78,False,2025-03-17 15:56:02
0x29eb62882a8bd104a64400a2971d0d6881777043,AIXBT,0.12,5,60176.73,266.08,2.78,False,2025-03-17 15:56:02
0x29eb62882a8bd104a64400a2971d0d6881777043,VVV,3.37,3,367590.67,-24764.52,15.95,False,2025-03-17 15:56:02
0x29eb62882a8bd104a64400a2971d0d6881777043,BERA,7.64,5,230348.23,-33036.78,0.00,True,2025-03-17 15:56:02
0x29eb62882a8bd104a64400a2971d0d6881777043,OM,6.33,5,279297.19,28165.70,0.00,True,2025-03-17 15:56:02
0x8e096995c3e4a3f0bc5b3ea1cba94de2aa4d70c9,BTC,96309.50,20,373856.28,52638.05,2803927.34,False,2025-03-17 15:56:03
0x8e096995c3e4a3f0bc5b3ea1cba94de2aa4d70c9,ETH,2020.84,20,3821026.52,-159230.35,0.00,True,2025-03-17 15:56:03
0x8e096995c3e4a3f0bc5b3ea1cba94de2aa4d70c9,LDO,2.25,10,197091.46,254052.78,58.94,False,2025-03-17 15:56:03
0x8e096995c3e4a3f0bc5b3ea1cba94de2aa4d70c9,LINK,25.81,10,554744.69,458885.33,317.07,False,2025-03-17 15:56:03
0x8e096995c3e4a3f0bc5b3ea1cba94de2aa4d70c9,AAVE,315.63,10,384455.83,303714.43,5502.55,False,2025-03-17 15:56:03
0x8e096995c3e4a3f0bc5b3ea1cba94de2aa4d70c9,WLD,2.83,10,127423.43,278634.55,81.78,False,2025-03-17 15:56:03
0x8e096995c3e4a3f0bc5b3ea1cba94de2aa4d70c9,kBONK,0.03,10,217990.52,321873.83,0.61,False,2025-03-17 15:56:03
0x8e096995c3e4a3f0bc5b3ea1cba94de2aa4d70c9,ENA,1.13,5,597285.22,1174387.00,7.82,False,2025-03-17 15:56:03
0x8e096995c3e4a3f0bc5b3ea1cba94de2aa4d70c9,HYPE,26.76,3,1121530.51,1082170.71,140.53,False,2025-03-17 15:56:03
0x8e096995c3e4a3f0bc5b3ea1cba94de2aa4d70c9,PENGU,0.03,5,139330.90,484840.48,0.56,False,2025-03-17 15:56:03
0x8e096995c3e4a3f0bc5b3ea1cba94de2aa4d70c9,FARTCOIN,1.11,3,889519.99,1992158.34,4.38,False,2025-03-17 15:56:03
0x8e096995c3e4a3f0bc5b3ea1cba94de2aa4d70c9,AI16Z,1.37,5,263891.94,1478930.36,8.91,False,2025-03-17 15:56:03
0x8e096995c3e4a3f0bc5b3ea1cba94de2aa4d70c9,ZEREBRO,0.26,5,185013.24,1137171.98,2.17,False,2025-03-17 15:56:03
0x8e096995c3e4a3f0bc5b3ea1cba94de2aa4d70c9,VVV,6.59,3,109793.88,90203.99,347.81,False,2025-03-17 15:56:03
0xa87a233e8a7d8951ff790a2e39738086cb5f71b7,ETH,3245.97,25,348822.28,234821.80,141813.67,False,2025-03-17 15:56:04
0xa87a233e8a7d8951ff790a2e39738086cb5f71b7,SOL,169.43,20,2318485.49,708042.65,1517.10,False,2025-03-17 15:56:04
0xa87a233e8a7d8951ff790a2e39738086cb5f71b7,AVAX,42.50,10,63915.22,79533.95,7361.42,False,2025-03-17 15:56:04
0xa87a233e8a7d8951ff790a2e39738086cb5f71b7,DOGE,0.18,10,1182834.60,48510.37,3.84,False,2025-03-17 15:56:04
0xa87a233e8a7d8951ff790a2e39738086cb5f71b7,SUI,2.12,10,366616.06,-37716.07,162.10,False,2025-03-17 15:56:04
0xa87a233e8a7d8951ff790a2e39738086cb5f71b7,kPEPE,0.01,10,543762.00,453036.40,0.35,False,2025-03-17 15:56:04
0xa87a233e8a7d8951ff790a2e39738086cb5f71b7,APT,10.28,10,131453.02,119552.12,1020.47,False,2025-03-17 15:56:04
0xa87a233e8a7d8951ff790a2e39738086cb5f71b7,SEI,0.72,10,171975.93,442031.98,28.73,False,2025-03-17 15:56:04
0xa87a233e8a7d8951ff790a2e39738086cb5f71b7,kBONK,0.03,10,166477.79,203852.62,1.65,False,2025-03-17 15:56:04
0xa87a233e8a7d8951ff790a2e39738086cb5f71b7,ONDO,0.83,10,664302.70,-37072.26,32.85,False,2025-03-17 15:56:04
0xa87a233e8a7d8951ff790a2e39738086cb5f71b7,ENA,1.01,10,2104368.88,3450411.28,4.78,False,2025-03-17 15:56:04
0xa87a233e8a7d8951ff790a2e39738086cb5f71b7,POPCAT,1.75,5,49854.27,375785.71,99.73,False,2025-03-17 15:56:04
0xa87a233e8a7d8951ff790a2e39738086cb5f71b7,EIGEN,4.21,5,238692.30,615789.00,114.91,False,2025-03-17 15:56:04
0xa87a233e8a7d8951ff790a2e39738086cb5f71b7,GOAT,0.90,5,54211.64,782931.06,25.00,False,2025-03-17 15:56:04
0xa87a233e8a7d8951ff790a2e39738086cb5f71b7,GRASS,3.39,5,171140.27,252324.67,186.34,False,2025-03-17 15:56:04
0xa87a233e8a7d8951ff790a2e39738086cb5f71b7,HYPE,25.62,3,1543334.91,1359907.05,205.75,False,2025-03-17 15:56:04
0xa87a233e8a7d8951ff790a2e39738086cb5f71b7,VIRTUAL,4.35,5,185069.13,848718.66,97.97,False,2025-03-17 15:56:04
0xa87a233e8a7d8951ff790a2e39738086cb5f71b7,USUAL,1.03,5,96703.88,466948.91,42.47,False,2025-03-17 15:56:04
0xa87a233e8a7d8951ff790a2e39738086cb5f71b7,FARTCOIN,1.18,3,126693.87,306594.94,59.43,False,2025-03-17 15:56:04
0xa87a233e8a7d8951ff790a2e39738086cb5f71b7,BERA,5.99,5,1339627.90,-140059.71,122.00,False,2025-03-17 15:56:04
0x360537542135943e8fc1562199aea6d0017f104b,BTC,82593.40,20,1688460.00,36591.33,4111.64,True,2025-03-17 15:56:05
0x360537542135943e8fc1562199aea6d0017f104b,ETH,2048.27,20,2231000.00,-124521.10,532.59,True,2025-03-17 15:56:05
0x360537542135943e8fc1562199aea6d0017f104b,LINK,14.28,10,706350.00,7421.48,44.34,False,2025-03-17 15:56:05
0xff8850989681b1163cbaf0b0f6b719c1c663dc25,BTC,83520.60,20,594886.73,6400.31,52683.04,True,2025-03-17 15:56:06
0xff8850989681b1163cbaf0b0f6b719c1c663dc25,ETH,1908.01,20,145094.48,2429.18,0.00,True,2025-03-17 15:56:06
0x0d21f939c96a13ccb9cccbf2911545d009a2e34a,PURR,0.21,3,428385.71,-653182.93,0.04,True,2025-03-17 15:56:09
0x989b96317735d70a7762bf96c034b203713aae18,XRP,2.36,20,306891.00,-278.48,5.95,False,2025-03-17 15:56:11
0x989b96317735d70a7762bf96c034b203713aae18,ADA,0.86,10,634829.90,118388.10,1.25,False,2025-03-17 15:56:11
0xbfc79c444c41a74516bf31237ebf586a231480b4,BTC,82568.50,40,577593.90,12720.64,0.00,True,2025-03-17 15:56:12
0xbfc79c444c41a74516bf31237ebf586a231480b4,LDO,1.39,10,422849.10,173767.21,3.97,False,2025-03-17 15:56:12
0xbfc79c444c41a74516bf31237ebf586a231480b4,AAVE,258.63,10,881900.00,411237.41,433.63,False,2025-03-17 15:56:12
0xbfc79c444c41a74516bf31237ebf586a231480b4,MKR,1446.46,10,601750.00,121484.02,3775.97,False,2025-03-17 15:56:12
0xbfc79c444c41a74516bf31237ebf586a231480b4,WLD,2.39,10,224534.97,379535.39,5.97,False,2025-03-17 15:56:12
0xbfc79c444c41a74516bf31237ebf586a231480b4,BADGER,2.36,5,394584.48,-118124.41,0.00,True,2025-03-17 15:56:12
0xbfc79c444c41a74516bf31237ebf586a231480b4,HYPE,17.84,3,150809.72,46767.48,118.16,False,2025-03-17 15:56:12
0xbfc79c444c41a74516bf31237ebf586a231480b4,FARTCOIN,0.72,3,292536.00,318927.93,1.71,False,2025-03-17 15:56:12
0xbfc79c444c41a74516bf31237ebf586a231480b4,OM,5.71,5,773973.37,145669.05,0.00,True,2025-03-17 15:56:12
0xceec48581b3145a575508719f45da07dc57fa7ce,SOL,212.85,20,259640.00,-166064.32,0.00,True,2025-03-17 15:56:13
0xceec48581b3145a575508719f45da07dc57fa7ce,PURR,0.28,3,148590.00,364049.77,1.01,False,2025-03-17 15:56:13
0xceec48581b3145a575508719f45da07dc57fa7ce,HYPE,22.16,3,2321216.10,1456327.76,23.40,False,2025-03-17 15:56:13
0xa9ed0db00e5c29e7e18a55db159ea33fb5fea60a,HYPE,21.64,3,1886374.12,1110985.74,21.74,False,2025-03-17 15:56:20
0xa9ed0db00e5c29e7e18a55db159ea33fb5fea60a,S,0.56,5,265165.15,22852.29,2.81,False,2025-03-17 15:56:20
0xa9ed0db00e5c29e7e18a55db159ea33fb5fea60a,BERA,6.04,5,763068.43,-73715.81,17.14,False,2025-03-17 15:56:20
0x6859da14835424957a1e6b397d8026b1d9ff7e1e,BTC,96401.50,30,2731679.22,388144.52,128493.55,False,2025-03-17 15:56:21
0x6859da14835424957a1e6b397d8026b1d9ff7e1e,ETH,2343.12,25,5075515.14,1052147.78,2487.71,False,2025-03-17 15:56:21
0x6859da14835424957a1e6b397d8026b1d9ff7e1e,SOL,167.95,20,93456.00,27471.27,2087.21,False,2025-03-17 15:56:21
0x6859da14835424957a1e6b397d8026b1d9ff7e1e,ARB,0.65,10,130755.63,96047.03,4.28,False,2025-03-17 15:56:21
0x6859da14835424957a1e6b397d8026b1d9ff7e1e,LINK,24.22,10,576407.50,411973.55,48.66,False,2025-03-17 15:56:21
0x6859da14835424957a1e6b397d8026b1d9ff7e1e,WLD,2.04,10,97069.56,126094.84,13.45,False,2025-03-17 15:56:21
0x6859da14835424957a1e6b397d8026b1d9ff7e1e,JUP,0.84,10,405846.52,246961.16,2.30,False,2025-03-17 15:56:21
0x6859da14835424957a1e6b397d8026b1d9ff7e1e,WIF,2.62,5,108235.93,449206.10,6.97,False,2025-03-17 15:56:21
0x6859da14835424957a1e6b397d8026b1d9ff7e1e,POPCAT,0.95,5,185783.84,672209.00,1.72,False,2025-03-17 15:56:21
0x6859da14835424957a1e6b397d8026b1d9ff7e1e,GOAT,0.62,3,49880.49,476709.60,1.60,False,2025-03-17 15:56:21
0x6859da14835424957a1e6b397d8026b1d9ff7e1e,HYPE,17.75,3,40848.00,12409.00,426.35,False,2025-03-17 15:56:21
0x6859da14835424957a1e6b397d8026b1d9ff7e1e,FARTCOIN,0.99,3,333584.87,623301.76,1.62,False,2025-03-17 15:56:21
0x6859da14835424957a1e6b397d8026b1d9ff7e1e,AI16Z,1.32,5,35560.25,190500.71,7.86,False,2025-03-17 15:56:21
0x6859da14835424957a1e6b397d8026b1d9ff7e1e,ZEREBRO,0.34,5,76883.13,657338.79,0.65,False,2025-03-17 15:56:21
0x6859da14835424957a1e6b397d8026b1d9ff7e1e,GRIFFAIN,0.51,5,36472.00,368239.29,1.69,False,2025-03-17 15:56:21
0xb3e475368ed0fa0ad23c04de0423d48a0758806f,BTC,85036.10,20,2658600.00,-20039.63,0.00,True,2025-03-17 15:56:25
0xb3e475368ed0fa0ad23c04de0423d48a0758806f,BNB,656.56,10,406483.84,18326.31,7321.74,False,2025-03-17 15:56:25
0xb3e475368ed0fa0ad23c04de0423d48a0758806f,MNT,0.75,5,69704.25,-5901.18,48.30,False,2025-03-17 15:56:25
0xb3e475368ed0fa0ad23c04de0423d48a0758806f,PURR,0.29,3,30329.37,76524.08,10.44,False,2025-03-17 15:56:25
0xb3e475368ed0fa0ad23c04de0423d48a0758806f,HYPE,21.18,3,1866105.86,1038111.65,41.35,False,2025-03-17 15:56:25
0xb3e475368ed0fa0ad23c04de0423d48a0758806f,USUAL,0.21,5,110917.43,19118.94,6.62,False,2025-03-17 15:56:25
0xb3e475368ed0fa0ad23c04de0423d48a0758806f,TRUMP,42.61,5,66487.64,179502.28,743.84,False,2025-03-17 15:56:25
0x24a9bac9be61ca40f0a5fb4f7452a90ed212b893,HYPE,18.29,3,2912119.35,1002163.81,25.20,False,2025-03-17 15:56:27
0x3e02519a47cef3d4464944c4815fad9e5837e767,HYPE,16.82,3,164974.76,39060.38,17.92,False,2025-03-17 15:56:29
0x3e02519a47cef3d4464944c4815fad9e5837e767,S,0.84,5,45495.02,29476.45,1.13,False,2025-03-17 15:56:29
0x1dc67adaf9f163c5b1a95043addbdfa1af58e512,BTC,96370.50,40,6750240.84,-959403.34,69650.79,True,2025-03-17 15:56:30
0xe86b057f5eb764c9738d6b0d38170befd0723664,BTC,84099.10,10,1792049.50,5922.07,0.00,True,2025-03-17 15:56:32
0xe86b057f5eb764c9738d6b0d38170befd0723664,ETH,1913.85,10,4063713.79,55806.64,0.00,True,2025-03-17 15:56:32
0xe86b057f5eb764c9738d6b0d38170befd0723664,SOL,129.89,5,257089.60,247.86,4348.52,False,2025-03-17 15:56:32
0xe86b057f5eb764c9738d6b0d38170befd0723664,LTC,93.89,10,29820.42,144.44,25659.73,False,2025-03-17 15:56:32
0xe86b057f5eb764c9738d6b0d38170befd0723664,DOGE,0.17,5,48764.35,-374.15,29.47,False,2025-03-17 15:56:32
0xe86b057f5eb764c9738d6b0d38170befd0723664,INJ,9.84,10,35659.05,1278.26,0.00,True,2025-03-17 15:56:32
0xe86b057f5eb764c9738d6b0d38170befd0723664,SUI,2.33,10,39279.68,-587.33,492.72,False,2025-03-17 15:56:32
0xe86b057f5eb764c9738d6b0d38170befd0723664,kPEPE,0.01,10,1148818.34,-57337.44,0.06,False,2025-03-17 15:56:32
0xe86b057f5eb764c9738d6b0d38170befd0723664,LDO,0.94,5,69004.70,3283.78,0.00,True,2025-03-17 15:56:32
0xe86b057f5eb764c9738d6b0d38170befd0723664,LINK,13.90,10,118901.89,-1784.50,982.81,False,2025-03-17 15:56:32
0xe86b057f5eb764c9738d6b0d38170befd0723664,XRP,2.37,20,131005.26,728.28,152.95,False,2025-03-17 15:56:32
0xe86b057f5eb764c9738d6b0d38170befd0723664,AAVE,173.48,10,72823.58,1149.57,0.00,True,2025-03-17 15:56:32
0xe86b057f5eb764c9738d6b0d38170befd0723664,MKR,1178.54,5,108770.12,2228.46,0.00,True,2025-03-17 15:56:32
0xe86b057f5eb764c9738d6b0d38170befd0723664,ZRO,2.34,5,338399.55,17046.67,0.00,True,2025-03-17 15:56:32
0xe86b057f5eb764c9738d6b0d38170befd0723664,TIA,3.50,5,31118.17,-297.11,0.00,True,2025-03-17 15:56:32
0xe86b057f5eb764c9738d6b0d38170befd0723664,ADA,0.72,10,131448.15,-266.22,45.79,False,2025-03-17 15:56:32
0xe86b057f5eb764c9738d6b0d38170befd0723664,FET,0.56,5,48090.20,-2642.94,0.00,True,2025-03-17 15:56:32
0xe86b057f5eb764c9738d6b0d38170befd0723664,ONDO,0.87,5,135193.30,-1751.13,53.83,False,2025-03-17 15:56:32
0xe86b057f5eb764c9738d6b0d38170befd0723664,POPCAT,0.20,5,145542.72,-5192.27,11.69,False,2025-03-17 15:56:32
0xe86b057f5eb764c9738d6b0d38170befd0723664,EIGEN,1.33,5,55146.81,-7483.04,0.00,True,2025-03-17 15:56:32
0xe86b057f5eb764c9738d6b0d38170befd0723664,RENDER,2.83,5,27575.45,3806.59,0.00,True,2025-03-17 15:56:32
0xe86b057f5eb764c9738d6b0d38170befd0723664,SCR,0.47,5,45574.14,-13378.12,0.00,True,2025-03-17 15:56:32
0xe86b057f5eb764c9738d6b0d38170befd0723664,kNEIRO,0.25,5,51769.95,4034.50,0.00,True,2025-03-17 15:56:32
0xe86b057f5eb764c9738d6b0d38170befd0723664,FARTCOIN,0.32,3,33716.09,-2224.47,75.16,False,2025-03-17 15:56:32
0xe86b057f5eb764c9738d6b0d38170befd0723664,TRUMP,11.55,10,29683.97,88.66,3176.19,False,2025-03-17 15:56:32
0xe86b057f5eb764c9738d6b0d38170befd0723664,MELANIA,0.68,5,219459.56,-636.52,0.00,True,2025-03-17 15:56:32
0xe86b057f5eb764c9738d6b0d38170befd0723664,VINE,0.03,5,91522.23,935.11,0.00,True,2025-03-17 15:56:32
0xe86b057f5eb764c9738d6b0d38170befd0723664,BERA,6.63,5,210502.47,1603.97,0.00,True,2025-03-17 15:56:32
0xe86b057f5eb764c9738d6b0d38170befd0723664,KAITO,1.39,5,49618.18,1255.32,0.00,True,2025-03-17 15:56:32
0xd47587702a91731dc1089b5db0932cf820151a91,HYPE,22.12,3,2828801.50,1771859.56,24.51,False,2025-03-17 15:56:36
0xfb8c34145bdea190693325d0ab01e81120909b3f,ARK,0.51,3,150659.23,70683.55,2.56,False,2025-03-17 15:56:39
0x7688b399c3237d098be4688d222d586ab5236451,BTC,99166.70,12,1240313.74,217784.75,94594.76,False,2025-03-17 15:56:41
0x7688b399c3237d098be4688d222d586ab5236451,IP,4.93,3,61245.55,-6400.05,17.23,False,2025-03-17 15:56:41
0x7688b399c3237d098be4688d222d586ab5236451,KAITO,1.62,5,57840.87,8000.90,4.83,False,2025-03-17 15:56:41
0xeadc152ac1014ace57c6b353f89adf5faffe9d55,BTC,97098.60,20,14340350.00,-2166427.68,50696.91,True,2025-03-17 15:56:42
0xeadc152ac1014ace57c6b353f89adf5faffe9d55,ETH,2684.93,20,13660240.80,-5243410.01,1127.51,True,2025-03-17 15:56:42
0xeadc152ac1014ace57c6b353f89adf5faffe9d55,SOL,210.93,20,9808270.95,-6134514.77,52.90,True,2025-03-17 15:56:42
0xeadc152ac1014ace57c6b353f89adf5faffe9d55,kPEPE,0.01,10,1279164.00,143591.03,0.00,True,2025-03-17 15:56:42
0xeadc152ac1014ace57c6b353f89adf5faffe9d55,WIF,0.51,10,710388.00,-9124.61,0.00,True,2025-03-17 15:56:42
0xa2f24f237678ac886616369e74f4e8a41a3e2c58,HYPE,20.23,3,2562571.16,-1250058.15,0.00,True,2025-03-17 15:56:43
0x856c35038594767646266bc7fd68dc26480e910d,BTC,83123.90,20,445548.25,6450.00,0.00,True,2025-03-17 15:56:44
0x856c35038594767646266bc7fd68dc26480e910d,ETH,1913.46,20,1369738.87,18943.48,0.00,True,2025-03-17 15:56:44
0x856c35038594767646266bc7fd68dc26480e910d,SOL,129.96,20,288303.36,-453.97,0.00,True,2025-03-17 15:56:44
0x856c35038594767646266bc7fd68dc26480e910d,BNB,588.32,10,697787.18,44121.90,0.00,True,2025-03-17 15:56:44
0x856c35038594767646266bc7fd68dc26480e910d,LINK,13.79,10,377239.39,-8433.61,156.24,False,2025-03-17 15:56:44
0x856c35038594767646266bc7fd68dc26480e910d,HYPE,13.46,3,1597632.12,-16801.97,42.71,False,2025-03-17 15:56:44
0x856c35038594767646266bc7fd68dc26480e910d,TRUMP,11.18,3,169097.47,4847.78,0.00,True,2025-03-17 15:56:44
0x856c35038594767646266bc7fd68dc26480e910d,MELANIA,0.68,5,199654.51,-122.76,0.00,True,2025-03-17 15:56:44
0x856c35038594767646266bc7fd68dc26480e910d,TST,0.11,3,339171.50,-212198.23,0.00,True,2025-03-17 15:56:44
0x61387d7e85508811de339276e013e0517f3782ad,BTC,83678.50,20,378833.88,2993.55,55496.00,True,2025-03-17 15:56:45
0x61387d7e85508811de339276e013e0517f3782ad,ETH,1927.94,20,45339.58,290.94,0.00,True,2025-03-17 15:56:45
0x61387d7e85508811de339276e013e0517f3782ad,FARTCOIN,0.32,3,46930.20,-3004.79,1.15,False,2025-03-17 15:56:45
0xbb97757984fa4408c13bd3b4a9189f520bf317d3,kPEPE,0.01,10,144754.42,-4025.17,0.01,False,2025-03-17 15:56:49
0xbb97757984fa4408c13bd3b4a9189f520bf317d3,MKR,1556.58,10,35397.20,10411.65,5384.78,False,2025-03-17 15:56:49
0xbb97757984fa4408c13bd3b4a9189f520bf317d3,VVV,6.74,3,141178.15,121934.90,6.35,False,2025-03-17 15:56:49
0x153c8444380512cabdc34f6cea09c322e14e319a,BTC,80064.50,40,16869800.00,856881.72,52357.01,True,2025-03-17 15:56:53
0x153c8444380512cabdc34f6cea09c322e14e319a,ETH,1967.44,20,7862986.20,-110010.34,361.41,True,2025-03-17 15:56:53
0x153c8444380512cabdc34f6cea09c322e14e319a,SOL,190.33,20,6524099.42,-3043059.41,0.54,True,2025-03-17 15:56:53
0x153c8444380512cabdc34f6cea09c322e14e319a,XRP,2.17,20,4338071.76,354842.69,0.00,True,2025-03-17 15:56:53
0x153c8444380512cabdc34f6cea09c322e14e319a,ONDO,1.29,10,1777254.12,-836724.96,0.00,True,2025-03-17 15:56:53
0x153c8444380512cabdc34f6cea09c322e14e319a,HBAR,0.27,5,1941961.50,-805887.80,0.00,True,2025-03-17 15:56:53
0x153c8444380512cabdc34f6cea09c322e14e319a,MOODENG,0.04,5,334440.00,25839.36,0.00,True,2025-03-17 15:56:53
0x153c8444380512cabdc34f6cea09c322e14e319a,HYPE,14.21,3,951860.00,-42610.88,0.00,True,2025-03-17 15:56:53
0x153c8444380512cabdc34f6cea09c322e14e319a,TRUMP,10.36,10,1151200.00,114708.53,0.00,True,2025-03-17 15:56:53
0x2ba553d9f990a3b66b03b2dc0d030dfc1c061036,BTC,82749.50,40,12593250.71,240262.57,9467.53,True,2025-03-17 15:56:56
0x2ba553d9f990a3b66b03b2dc0d030dfc1c061036,ETH,1865.41,20,5045560.00,-195485.13,6103.56,False,2025-03-17 15:56:56
0x2ba553d9f990a3b66b03b2dc0d030dfc1c061036,SOL,173.31,20,459449.51,153978.62,3172.95,False,2025-03-17 15:56:56
0x2ba553d9f990a3b66b03b2dc0d030dfc1c061036,DOGE,0.20,10,808491.23,130965.61,2.51,False,2025-03-17 15:56:56
0x2ba553d9f990a3b66b03b2dc0d030dfc1c061036,AAVE,213.22,10,967480.72,-203269.85,0.00,True,2025-03-17 15:56:56
0x2ba553d9f990a3b66b03b2dc0d030dfc1c061036,MKR,1449.22,10,894906.22,-183434.29,0.00,True,2025-03-17 15:56:56
0x2ba553d9f990a3b66b03b2dc0d030dfc1c061036,ADA,0.82,10,2015304.15,263395.69,4.51,False,2025-03-17 15:56:56
0x2ba553d9f990a3b66b03b2dc0d030dfc1c061036,HYPE,14.51,3,2692290.18,180395.30,61.39,False,2025-03-17 15:56:56
0x2ba553d9f990a3b66b03b2dc0d030dfc1c061036,MORPHO,1.73,5,276768.84,-88267.43,0.00,True,2025-03-17 15:56:56
0xb83de012dba672c76a7dbbbf3e459cb59d7d6e36,BTC,97100.70,3,65622.02,9911.71,9124271.59,False,2025-03-17 15:56:57
0xb83de012dba672c76a7dbbbf3e459cb59d7d6e36,SOL,169.15,3,7178059.43,2175397.52,255.12,False,2025-03-17 15:56:57
0x60a8d209af0b997d87d8e69dd48ac7330d4d6900,BTC,84495.20,15,4689346.13,7405.74,100166.32,False,2025-03-17 15:56:59
0x60a8d209af0b997d87d8e69dd48ac7330d4d6900,ETH,1944.76,10,3202155.00,6710.88,2469.21,False,2025-03-17 15:56:59
0xd225fd6fe03d9603642be58ea730e35c39eb382f,BTC,83221.00,18,270300.07,3655.67,0.00,True,2025-03-17 15:57:07
0xd225fd6fe03d9603642be58ea730e35c39eb382f,ETH,1909.93,20,155286.42,2454.12,0.00,True,2025-03-17 15:57:07
0xd225fd6fe03d9603642be58ea730e35c39eb382f,SOL,126.79,20,111047.79,2574.04,0.00,True,2025-03-17 15:57:07
0xd225fd6fe03d9603642be58ea730e35c39eb382f,DOGE,0.17,10,97689.79,-1504.94,2.40,False,2025-03-17 15:57:07
0xd225fd6fe03d9603642be58ea730e35c39eb382f,SUI,2.28,10,50368.12,1749.20,0.00,True,2025-03-17 15:57:07
0xd225fd6fe03d9603642be58ea730e35c39eb382f,kPEPE,0.01,10,254525.39,-13737.15,0.04,False,2025-03-17 15:57:07
0xd225fd6fe03d9603642be58ea730e35c39eb382f,XRP,2.34,20,136715.01,1421.45,0.00,True,2025-03-17 15:57:07
0xd225fd6fe03d9603642be58ea730e35c39eb382f,VVV,3.27,3,272179.88,-25950.45,18.44,False,2025-03-17 15:57:07
0xd225fd6fe03d9603642be58ea730e35c39eb382f,JELLY,0.01,3,164100.50,-69441.40,0.17,False,2025-03-17 15:57:07
0xd225fd6fe03d9603642be58ea730e35c39eb382f,BERA,6.32,5,391407.00,20737.23,0.00,True,2025-03-17 15:57:07
0x2e2b6070bec9be9f50887cfe306ac6ca93002fab,ETH,2722.71,25,5826409.31,-2348192.70,1205.26,True,2025-03-17 15:57:14
0x2e2b6070bec9be9f50887cfe306ac6ca93002fab,LTC,93.89,10,1891412.47,-9378.35,0.00,True,2025-03-17 15:57:14
0x2e2b6070bec9be9f50887cfe306ac6ca93002fab,kPEPE,0.01,10,2234449.54,-2110300.66,0.00,True,2025-03-17 15:57:14
0x2e2b6070bec9be9f50887cfe306ac6ca93002fab,ZRO,4.17,5,1107180.00,-769549.54,0.00,True,2025-03-17 15:57:14
0x2e2b6070bec9be9f50887cfe306ac6ca93002fab,kBONK,0.03,10,1127569.20,-1380886.47,0.00,True,2025-03-17 15:57:14
0x2e2b6070bec9be9f50887cfe306ac6ca93002fab,POPCAT,0.43,10,1433880.00,-1586027.65,0.00,True,2025-03-17 15:57:14
0x2e2b6070bec9be9f50887cfe306ac6ca93002fab,ZK,0.14,5,1808675.00,-1636719.39,0.00,True,2025-03-17 15:57:14
0x06a3481efd4c3e14611fb4679ba101e337db05f9,BTC,83314.80,40,2530920.00,31474.96,31054.32,True,2025-03-17 15:57:18
0xb7c612256c0a88f687a50c36f7484097d633fba0,BTC,84495.90,2,295467.96,441.19,125185.04,False,2025-03-17 15:57:21
0x1f793d9f0368c1da329cb112212d81d521e7a9b8,BTC,86552.90,20,421860.00,10904.82,516171.58,False,2025-03-17 15:57:22
0x1f793d9f0368c1da329cb112212d81d521e7a9b8,ETH,2398.42,20,3105120.00,732353.10,3293.41,False,2025-03-17 15:57:22
0x1f793d9f0368c1da329cb112212d81d521e7a9b8,SOL,151.32,20,10385600.00,1719896.93,156.48,False,2025-03-17 15:57:22
0xa4dedda59f2908b92ae192cfd494839373bcb3c4,BTC,84382.30,20,1687520.00,-126.44,81191.24,True,2025-03-17 15:57:27
0x5d2f4460ac3514ada79f5d9838916e508ab39bb7,ETH,2658.00,25,708428.50,261741.50,7147.45,False,2025-03-17 15:57:29
0x2c76be702ee99922754a6df7158091a5e33f7662,HYPE,13.45,3,279055.04,-3094.62,23.04,False,2025-03-17 15:57:31
0xbf732ea04197942783e34730ed6e0f6099575d58,BTC,82318.50,40,3376440.00,83697.78,74175.09,True,2025-03-17 15:57:35
0xbf732ea04197942783e34730ed6e0f6099575d58,FARTCOIN,0.32,3,430324.31,31274.30,0.00,True,2025-03-17 15:57:35
0x57febe9bf4cc255b4ac72c6fdb52a19a059a9ef0,HYPE,19.11,3,205269.40,83252.61,44.69,False,2025-03-17 15:57:39
0x399d7adeecc4f5e83891d3ca03d588155765459d,BTC,91662.70,20,101153.13,8658.85,2778758.55,False,2025-03-17 15:57:42
0x399d7adeecc4f5e83891d3ca03d588155765459d,ETH,2413.72,20,58248.00,-14163.62,0.00,True,2025-03-17 15:57:42
0x399d7adeecc4f5e83891d3ca03d588155765459d,SOL,171.37,20,411105.10,131452.89,1134.45,False,2025-03-17 15:57:42
0x399d7adeecc4f5e83891d3ca03d588155765459d,BNB,609.94,10,391725.86,11487.10,0.00,True,2025-03-17 15:57:42
0x399d7adeecc4f5e83891d3ca03d588155765459d,DOGE,0.24,10,46375.00,17594.44,12.18,False,2025-03-17 15:57:42
0x399d7adeecc4f5e83891d3ca03d588155765459d,kPEPE,0.01,10,39106.72,9073.85,0.61,False,2025-03-17 15:57:42
0x399d7adeecc4f5e83891d3ca03d588155765459d,XRP,2.08,20,430310.60,50396.60,0.00,True,2025-03-17 15:57:42
0x399d7adeecc4f5e83891d3ca03d588155765459d,ZRO,2.30,5,105996.50,-6770.49,71.29,False,2025-03-17 15:57:42
0x399d7adeecc4f5e83891d3ca03d588155765459d,ADA,0.90,10,437548.86,-104261.75,0.00,True,2025-03-17 15:57:42
0x399d7adeecc4f5e83891d3ca03d588155765459d,FARTCOIN,0.33,3,206442.00,5833.82,0.00,True,2025-03-17 15:57:42
0x399d7adeecc4f5e83891d3ca03d588155765459d,BERA,6.18,5,325487.55,-23774.05,67.33,False,2025-03-17 15:57:42
0xd6ef5649200101eb44ce8949f4cfb167b0c5a07a,BTC,82522.80,20,593036.97,-13498.76,391016.95,False,2025-03-17 15:57:49
0xd6ef5649200101eb44ce8949f4cfb167b0c5a07a,ETH,1882.14,20,1263921.80,38703.55,0.00,True,2025-03-17 15:57:49
0xd6ef5649200101eb44ce8949f4cfb167b0c5a07a,SOL,126.66,20,189129.40,4655.12,0.00,True,2025-03-17 15:57:49
0xd6ef5649200101eb44ce8949f4cfb167b0c5a07a,BNB,574.77,10,194206.32,16541.42,0.00,True,2025-03-17 15:57:49
0xd6ef5649200101eb44ce8949f4cfb167b0c5a07a,LTC,92.58,10,169197.58,-1603.18,1240.35,False,2025-03-17 15:57:49
0xd6ef5649200101eb44ce8949f4cfb167b0c5a07a,ARB,0.38,10,28197.99,-361.82,0.00,True,2025-03-17 15:57:49
0xd6ef5649200101eb44ce8949f4cfb167b0c5a07a,DOGE,0.17,10,942281.55,16621.00,0.00,True,2025-03-17 15:57:49
0xd6ef5649200101eb44ce8949f4cfb167b0c5a07a,SUI,2.47,10,594237.25,-27296.53,0.00,True,2025-03-17 15:57:49
0xd6ef5649200101eb44ce8949f4cfb167b0c5a07a,kPEPE,0.01,10,717122.41,-63137.02,0.03,False,2025-03-17 15:57:49
0xd6ef5649200101eb44ce8949f4cfb167b0c5a07a,CRV,0.41,10,53963.82,3822.57,0.00,True,2025-03-17 15:57:49
0xd6ef5649200101eb44ce8949f4cfb167b0c5a07a,LDO,1.00,10,176899.13,2994.09,12.52,False,2025-03-17 15:57:49
0xd6ef5649200101eb44ce8949f4cfb167b0c5a07a,LINK,14.05,10,159557.42,-845.65,197.89,False,2025-03-17 15:57:49
0xd6ef5649200101eb44ce8949f4cfb167b0c5a07a,XRP,2.18,20,1117771.52,83345.95,0.00,True,2025-03-17 15:57:49
0xd6ef5649200101eb44ce8949f4cfb167b0c5a07a,APT,5.77,10,330442.83,-23654.60,0.00,True,2025-03-17 15:57:49
0xd6ef5649200101eb44ce8949f4cfb167b0c5a07a,AAVE,186.30,10,282226.47,15996.78,1473.27,False,2025-03-17 15:57:49
0xd6ef5649200101eb44ce8949f4cfb167b0c5a07a,WLD,1.07,10,178413.84,37600.36,11.21,False,2025-03-17 15:57:49
0xd6ef5649200101eb44ce8949f4cfb167b0c5a07a,UNI,6.91,10,120134.40,-10333.24,0.00,True,2025-03-17 15:57:49
0xd6ef5649200101eb44ce8949f4cfb167b0c5a07a,TIA,3.44,10,72984.63,-500.34,102.10,False,2025-03-17 15:57:49
0xd6ef5649200101eb44ce8949f4cfb167b0c5a07a,ADA,0.72,10,121523.94,1507.74,0.00,True,2025-03-17 15:57:49
0xd6ef5649200101eb44ce8949f4cfb167b0c5a07a,PENDLE,2.37,5,93293.35,1278.54,52.02,False,2025-03-17 15:57:49
0xd6ef5649200101eb44ce8949f4cfb167b0c5a07a,JUP,0.61,10,362711.47,61188.22,3.53,False,2025-03-17 15:57:49
0xd6ef5649200101eb44ce8949f4cfb167b0c5a07a,ONDO,0.85,10,99803.30,3651.14,0.00,True,2025-03-17 15:57:49
0xd6ef5649200101eb44ce8949f4cfb167b0c5a07a,TAO,277.03,5,273759.54,20734.13,2121.77,False,2025-03-17 15:57:49
0xd6ef5649200101eb44ce8949f4cfb167b0c5a07a,ENA,0.38,10,154784.57,-1833.23,5.51,False,2025-03-17 15:57:49
0xd6ef5649200101eb44ce8949f4cfb167b0c5a07a,HBAR,0.19,5,102807.58,575.69,3.92,False,2025-03-17 15:57:49
0xd6ef5649200101eb44ce8949f4cfb167b0c5a07a,POPCAT,0.19,10,156304.73,-13375.75,2.93,False,2025-03-17 15:57:49
0xd6ef5649200101eb44ce8949f4cfb167b0c5a07a,GRASS,1.44,5,39276.89,-1945.31,0.00,True,2025-03-17 15:57:49
0xd6ef5649200101eb44ce8949f4cfb167b0c5a07a,PNUT,0.19,5,101658.26,-2129.23,0.00,True,2025-03-17 15:57:49
0xd6ef5649200101eb44ce8949f4cfb167b0c5a07a,MOVE,0.47,5,65881.43,-2655.37,0.00,True,2025-03-17 15:57:49
0xd6ef5649200101eb44ce8949f4cfb167b0c5a07a,VIRTUAL,0.61,5,51867.94,11053.00,0.00,True,2025-03-17 15:57:49
0xd6ef5649200101eb44ce8949f4cfb167b0c5a07a,PENGU,0.01,5,128683.07,-8833.89,0.00,True,2025-03-17 15:57:49
0xd6ef5649200101eb44ce8949f4cfb167b0c5a07a,FARTCOIN,0.33,3,34154.45,-1573.04,19.18,False,2025-03-17 15:57:49
0xd6ef5649200101eb44ce8949f4cfb167b0c5a07a,AI16Z,0.20,5,95508.37,-3549.45,4.52,False,2025-03-17 15:57:49
0xd6ef5649200101eb44ce8949f4cfb167b0c5a07a,AIXBT,0.10,5,32440.68,4395.10,0.00,True,2025-03-17 15:57:49
0xd6ef5649200101eb44ce8949f4cfb167b0c5a07a,GRIFFAIN,0.04,5,82155.10,2168.44,0.00,True,2025-03-17 15:57:49
0xd6ef5649200101eb44ce8949f4cfb167b0c5a07a,SPX,0.31,5,102407.41,23420.77,0.00,True,2025-03-17 15:57:49
0xd6ef5649200101eb44ce8949f4cfb167b0c5a07a,S,0.49,5,166226.33,-6547.98,6.61,False,2025-03-17 15:57:49
0xd6ef5649200101eb44ce8949f4cfb167b0c5a07a,TRUMP,11.40,10,373345.09,3860.67,0.00,True,2025-03-17 15:57:49
0xd6ef5649200101eb44ce8949f4cfb167b0c5a07a,MELANIA,0.80,5,209405.25,-35616.95,0.00,True,2025-03-17 15:57:49
0xd6ef5649200101eb44ce8949f4cfb167b0c5a07a,BERA,6.33,5,61898.44,-3082.76,220.01,False,2025-03-17 15:57:49
0xd6ef5649200101eb44ce8949f4cfb167b0c5a07a,LAYER,0.96,3,166370.39,21779.01,0.00,True,2025-03-17 15:57:49
0xd6ef5649200101eb44ce8949f4cfb167b0c5a07a,IP,5.85,3,64050.61,-4007.63,0.00,True,2025-03-17 15:57:49
0xd6ef5649200101eb44ce8949f4cfb167b0c5a07a,KAITO,1.42,5,129529.99,-13.32,23.22,False,2025-03-17 15:57:49
0x44cd38994fbf89db3f7fa9465ca4aaa78101f11b,BTC,84238.00,9,103746.13,-255.54,103727.11,False,2025-03-17 15:57:53
0x142a1aad965db6b3d2ad63b174419a3095bfa4c0,HYPE,14.15,3,1200139.22,-48506.20,0.00,True,2025-03-17 15:57:54
0x0aa989625dedaee97b1996edd964bbb1bf52184d,HYPE,14.22,3,1393663.59,-62580.74,0.00,True,2025-03-17 15:57:59
0x0afb823319994e2add29e6b39c43127e38028930,GRIFFAIN,0.25,1,132189.94,-588150.99,0.00,True,2025-03-17 15:58:00
0x858b8ef7d4da0ecb6d701a3ab59bc28493bcf43a,HYPE,13.22,3,34022.50,975.31,10.92,True,2025-03-17 15:58:04
0xf14be72acba3becf3b6f0fc014f49e54e8511358,BTC,100804.20,40,86422.31,16727.65,543973.56,False,2025-03-17 15:58:10
0xf14be72acba3becf3b6f0fc014f49e54e8511358,ETH,3339.67,10,49645.06,35734.40,20334.46,False,2025-03-17 15:58:10
0xf14be72acba3becf3b6f0fc014f49e54e8511358,SOL,233.39,20,25599.39,20394.17,2480.99,False,2025-03-17 15:58:10
0xf14be72acba3becf3b6f0fc014f49e54e8511358,BNB,651.96,8,35188.13,1332.32,8899.54,False,2025-03-17 15:58:10
0xf14be72acba3becf3b6f0fc014f49e54e8511358,XRP,2.92,20,30869.57,7289.43,37.79,False,2025-03-17 15:58:10
0xf14be72acba3becf3b6f0fc014f49e54e8511358,ADA,0.88,10,28288.01,6002.82,12.33,False,2025-03-17 15:58:10
0xf14be72acba3becf3b6f0fc014f49e54e8511358,HYPE,21.22,3,631596.80,352898.13,22.38,False,2025-03-17 15:58:10
0x007d76eec0ba411ce873a8819df50dd443d967a0,ENA,0.37,10,382180.00,-14224.53,9.49,False,2025-03-17 15:58:14
0x11d67fa925877813b744abc0917900c2b1d6eb81,OM,6.23,5,338370.40,-38450.92,13.75,False,2025-03-17 15:58:20
0x4f2b5981d89a1c60bc73ea23edef2797447b3c17,XRP,2.65,20,31188.53,3810.08,16.93,False,2025-03-17 15:58:23
0x4f2b5981d89a1c60bc73ea23edef2797447b3c17,APT,10.35,10,152016.44,140320.82,12.04,False,2025-03-17 15:58:23
0x4f2b5981d89a1c60bc73ea23edef2797447b3c17,TAO,485.17,5,46346.32,40917.02,1255.04,False,2025-03-17 15:58:23
0x4f2b5981d89a1c60bc73ea23edef2797447b3c17,HYPE,19.66,3,292074.29,129668.47,21.50,False,2025-03-17 15:58:23
0x4f2b5981d89a1c60bc73ea23edef2797447b3c17,S,0.85,5,53264.41,35422.74,2.23,False,2025-03-17 15:58:23
0x4f2b5981d89a1c60bc73ea23edef2797447b3c17,VVV,3.88,3,135347.14,9883.14,8.13,False,2025-03-17 15:58:23
0x100f4a6d8713e0df271f25323f9d9399496ff179,BTC,83813.00,40,3820673.37,29132.41,64483.35,True,2025-03-17 15:58:28
0x100f4a6d8713e0df271f25323f9d9399496ff179,ETH,1921.78,25,1358770.00,13522.76,640.41,True,2025-03-17 15:58:28
0x100f4a6d8713e0df271f25323f9d9399496ff179,SOL,127.83,20,1039040.00,16362.80,15.49,True,2025-03-17 15:58:28
0x100f4a6d8713e0df271f25323f9d9399496ff179,SUI,2.32,10,354615.00,6990.18,0.00,True,2025-03-17 15:58:28
0x100f4a6d8713e0df271f25323f9d9399496ff179,kPEPE,0.01,10,223710.00,7705.09,0.00,True,2025-03-17 15:58:28
0x100f4a6d8713e0df271f25323f9d9399496ff179,LDO,0.98,10,196766.00,355.67,0.00,True,2025-03-17 15:58:28
0x100f4a6d8713e0df271f25323f9d9399496ff179,LINK,14.05,10,282540.00,1468.11,0.00,True,2025-03-17 15:58:28
0x100f4a6d8713e0df271f25323f9d9399496ff179,AAVE,172.39,10,264555.00,5965.53,0.00,True,2025-03-17 15:58:28
0x100f4a6d8713e0df271f25323f9d9399496ff179,TIA,3.42,10,260182.50,3716.50,0.00,True,2025-03-17 15:58:28
0x100f4a6d8713e0df271f25323f9d9399496ff179,kBONK,0.01,10,225780.00,3254.58,0.00,True,2025-03-17 15:58:28
0x100f4a6d8713e0df271f25323f9d9399496ff179,WIF,0.50,10,177845.50,3580.86,0.00,True,2025-03-17 15:58:28
0x100f4a6d8713e0df271f25323f9d9399496ff179,TAO,255.09,5,193252.50,1932.33,0.00,True,2025-03-17 15:58:28
0x100f4a6d8713e0df271f25323f9d9399496ff179,ENA,0.38,10,191090.00,2008.73,0.00,True,2025-03-17 15:58:28
0x100f4a6d8713e0df271f25323f9d9399496ff179,POPCAT,0.21,10,205130.00,-794.86,0.00,True,2025-03-17 15:58:28
0x100f4a6d8713e0df271f25323f9d9399496ff179,VIRTUAL,0.76,5,194800.00,4255.27,0.00,True,2025-03-17 15:58:28
0x100f4a6d8713e0df271f25323f9d9399496ff179,FARTCOIN,0.32,3,241269.00,14905.27,0.00,True,2025-03-17 15:58:28
0x100f4a6d8713e0df271f25323f9d9399496ff179,AI16Z,0.20,5,155737.50,4650.73,0.00,True,2025-03-17 15:58:28
0x100f4a6d8713e0df271f25323f9d9399496ff179,AIXBT,0.12,5,120480.00,1824.12,0.00,True,2025-03-17 15:58:28
0x100f4a6d8713e0df271f25323f9d9399496ff179,S,0.50,5,255455.00,2992.77,0.00,True,2025-03-17 15:58:28
0x100f4a6d8713e0df271f25323f9d9399496ff179,TRUMP,11.58,10,345570.00,-1713.49,0.00,True,2025-03-17 15:58:28
0x100f4a6d8713e0df271f25323f9d9399496ff179,MELANIA,0.68,5,114391.59,271.82,0.00,True,2025-03-17 15:58:28
0x183d0567c33e7591c22540e45d2f74730b42a0ca,BTC,89168.30,40,3936622.53,-219649.35,0.00,True,2025-03-17 15:58:30
0x183d0567c33e7591c22540e45d2f74730b42a0ca,DOGE,0.24,10,1912554.29,-669877.61,0.00,True,2025-03-17 15:58:30
0x183d0567c33e7591c22540e45d2f74730b42a0ca,HYPE,19.13,3,1320309.82,-535243.36,0.00,True,2025-03-17 15:58:30
0xaf0fdd39e5d92499b0ed9f68693da99c0ec1e92e,BTC,84385.80,30,337816.00,272.41,0.00,True,2025-03-17 15:58:33
0xaf0fdd39e5d92499b0ed9f68693da99c0ec1e92e,PURR,0.19,3,247650.00,-321139.35,0.00,True,2025-03-17 15:58:33
0x4a207d289fd49e60502451099771127bcf35b961,BTC,83361.60,40,14576132.81,-188017.40,93454.01,False,2025-03-17 15:58:37
0x4a207d289fd49e60502451099771127bcf35b961,ETH,1912.35,25,9440897.06,-139318.21,2258.13,False,2025-03-17 15:58:37
0x4a207d289fd49e60502451099771127bcf35b961,SOL,126.98,20,7450694.78,-166465.65,156.64,False,2025-03-17 15:58:37
0x6ecba7527448bb56caba8ca7768d271deaea72a9,BTC,84362.50,40,416171.43,-426.26,96674.29,False,2025-03-17 15:58:38
0x6ecba7527448bb56caba8ca7768d271deaea72a9,ETH,1939.85,20,229984.75,-64.88,2444.97,False,2025-03-17 15:58:38
0x6ecba7527448bb56caba8ca7768d271deaea72a9,BNB,626.53,10,84545.58,-213.43,1059.73,False,2025-03-17 15:58:38
0x6ecba7527448bb56caba8ca7768d271deaea72a9,DOGE,0.18,10,71468.25,21.56,0.32,False,2025-03-17 15:58:38
0x6ecba7527448bb56caba8ca7768d271deaea72a9,AAVE,175.28,10,53291.21,-324.26,368.60,False,2025-03-17 15:58:38
0x6ecba7527448bb56caba8ca7768d271deaea72a9,TIA,3.48,10,25489.70,92.29,11.37,False,2025-03-17 15:58:38
0x6ecba7527448bb56caba8ca7768d271deaea72a9,CAKE,2.49,3,33975.00,-134.17,6.35,False,2025-03-17 15:58:38
0x6ecba7527448bb56caba8ca7768d271deaea72a9,TRUMP,11.47,10,140002.96,-575.03,16.30,False,2025-03-17 15:58:38
0x7dacca323e44f168494c779bb5e7483c468ef410,PURR,0.21,3,60074.28,-94271.16,0.00,True,2025-03-17 15:58:40
0x7dacca323e44f168494c779bb5e7483c468ef410,HYPE,30.83,3,114290.43,144489.69,150.16,False,2025-03-17 15:58:40
0x66667ea2891bfb7791409b0e19057a2f6237788c,HYPE,16.41,3,2110790.00,432129.09,22.98,False,2025-03-17 15:58:41
0xe6bd577759caa3bca511b3b3b8310f26e5de6f6d,ETH,2671.92,20,1237847.60,466843.34,4780.24,False,2025-03-17 15:58:44
0x369daedbefcb30b82154338c8fd613a70c60d251,RUNE,1.14,5,71958.54,-4354.21,24.85,False,2025-03-17 15:58:48
0x369daedbefcb30b82154338c8fd613a70c60d251,POPCAT,0.19,5,83532.72,-6280.75,3.82,False,2025-03-17 15:58:48
0x369daedbefcb30b82154338c8fd613a70c60d251,ZK,0.14,5,265380.22,235564.29,0.46,False,2025-03-17 15:58:48
0x369daedbefcb30b82154338c8fd613a70c60d251,PURR,0.16,3,479888.41,463646.56,0.31,False,2025-03-17 15:58:48
0x369daedbefcb30b82154338c8fd613a70c60d251,HYPE,14.36,3,486520.48,26658.76,50.72,False,2025-03-17 15:58:48
0x369daedbefcb30b82154338c8fd613a70c60d251,FARTCOIN,0.53,3,527519.11,283152.52,1.21,False,2025-03-17 15:58:48
0xcf13fae6690c07cbd471574b68e504319ee0882d,BTC,93255.50,40,1245322.38,130272.79,159445.17,False,2025-03-17 15:58:49
0xcf13fae6690c07cbd471574b68e504319ee0882d,ETH,2426.42,25,477137.48,119573.38,6407.01,False,2025-03-17 15:58:49
0xcf13fae6690c07cbd471574b68e504319ee0882d,SOL,161.48,20,5908111.33,1441605.13,153.83,False,2025-03-17 15:58:49
0x36ccdef4decfa6ae89707b1737e8fc56d275414f,ETH,1928.84,25,685469.18,4045.91,1856.83,True,2025-03-17 15:58:53
0x7c976f00e84db0b44f945fc6d7fad34b43150a1a,OP,1.13,10,241254.48,59139.65,31.17,False,2025-03-17 15:59:00
0x7c976f00e84db0b44f945fc6d7fad34b43150a1a,ARB,0.47,10,299072.30,75996.29,10.38,False,2025-03-17 15:59:00
0x7c976f00e84db0b44f945fc6d7fad34b43150a1a,XRP,2.41,20,1961964.22,41433.59,12.28,False,2025-03-17 15:59:00
0x7c976f00e84db0b44f945fc6d7fad34b43150a1a,ADA,0.84,10,1750894.33,270442.66,4.06,False,2025-03-17 15:59:00
0x7c976f00e84db0b44f945fc6d7fad34b43150a1a,HBAR,0.23,5,851541.22,157821.98,1.94,False,2025-03-17 15:59:00
0x7c976f00e84db0b44f945fc6d7fad34b43150a1a,EIGEN,1.69,5,139124.96,61116.74,66.00,False,2025-03-17 15:59:00
0x7c976f00e84db0b44f945fc6d7fad34b43150a1a,POL,0.30,5,116879.88,44553.80,15.11,False,2025-03-17 15:59:00
0x3fc56e944aa7b1594c85861b2d46a07f82a2c0c1,SOL,160.26,20,1687140.00,396304.83,350.77,False,2025-03-17 15:59:10
0x3fc56e944aa7b1594c85861b2d46a07f82a2c0c1,MKR,1697.35,10,481680.00,197263.66,8215.31,False,2025-03-17 15:59:10
0x3fc56e944aa7b1594c85861b2d46a07f82a2c0c1,BANANA,15.87,3,88180.00,-8850.00,522.44,False,2025-03-17 15:59:10
0x3fc56e944aa7b1594c85861b2d46a07f82a2c0c1,PENDLE,3.51,5,35059.50,17638.46,189.30,False,2025-03-17 15:59:10
0x3fc56e944aa7b1594c85861b2d46a07f82a2c0c1,BADGER,3.36,5,98479.80,82821.49,51.40,False,2025-03-17 15:59:10
0x3fc56e944aa7b1594c85861b2d46a07f82a2c0c1,REZ,0.02,3,98225.00,13164.57,0.52,False,2025-03-17 15:59:10
0x3fc56e944aa7b1594c85861b2d46a07f82a2c0c1,HYPE,20.17,3,2180320.00,1047138.08,29.40,False,2025-03-17 15:59:10
0x3fc56e944aa7b1594c85861b2d46a07f82a2c0c1,S,0.88,5,153033.00,111652.37,9.43,False,2025-03-17 15:59:10
0x3fc56e944aa7b1594c85861b2d46a07f82a2c0c1,MELANIA,0.70,1,204531.00,6772.52,1.29,False,2025-03-17 15:59:10
0x3fc56e944aa7b1594c85861b2d46a07f82a2c0c1,BERA,6.25,5,226450.20,-13818.33,85.39,False,2025-03-17 15:59:10
0x3fc56e944aa7b1594c85861b2d46a07f82a2c0c1,LAYER,1.16,3,110710.00,4852.12,26.35,False,2025-03-17 15:59:10
0x3fc56e944aa7b1594c85861b2d46a07f82a2c0c1,IP,2.27,3,550640.00,-323837.77,30.75,False,2025-03-17 15:59:10
0x3fc56e944aa7b1594c85861b2d46a07f82a2c0c1,OM,7.59,5,42190.80,3371.22,453.19,False,2025-03-17 15:59:10
0x3fc56e944aa7b1594c85861b2d46a07f82a2c0c1,KAITO,1.91,5,818041.00,279105.03,6.09,False,2025-03-17 15:59:10
0x72ffacea0906eb393b2e680ab5e25efbd8d1a9c4,ETH,2387.75,20,2196999.95,-507069.72,1268.46,True,2025-03-17 15:59:14
0x499beed00ee60bef8ce07a68c92103bd2225b5fb,TRUMP,12.19,10,230300.00,13400.36,35.07,False,2025-03-17 15:59:17
0x499beed00ee60bef8ce07a68c92103bd2225b5fb,IP,3.73,3,715866.48,231163.04,0.94,True,2025-03-17 15:59:17
0xf961e5e6c5276164adb2865b7e80cf82dc04e920,HYPE,17.07,3,368199.00,92712.70,24.34,False,2025-03-17 15:59:23
0xa581bb0ac1a7ec393e76ccd45de2bfff6146e213,ETH,3236.75,20,87322.50,58331.37,12354.05,False,2025-03-17 15:59:26
0xa581bb0ac1a7ec393e76ccd45de2bfff6146e213,MKR,1495.17,10,132539.00,31930.74,5302.70,False,2025-03-17 15:59:26
0xa581bb0ac1a7ec393e76ccd45de2bfff6146e213,BADGER,4.15,5,132290.75,168310.06,7.76,False,2025-03-17 15:59:26
0xa581bb0ac1a7ec393e76ccd45de2bfff6146e213,PURR,0.39,3,43338.75,158902.27,0.86,False,2025-03-17 15:59:26
0xa581bb0ac1a7ec393e76ccd45de2bfff6146e213,HYPE,21.32,3,572754.00,322868.63,23.30,False,2025-03-17 15:59:26
0xc4180d58e4980ae6b39c133ab3a9389ae62e8706,POPCAT,0.26,5,90183.60,22213.10,1.18,False,2025-03-17 15:59:47
0xccf135ab352d561a15eb7be2a243cc4fcb7f0ab1,ETH,3242.23,20,462392.73,309946.71,7495.08,False,2025-03-17 15:59:53
0xccf135ab352d561a15eb7be2a243cc4fcb7f0ab1,BNB,590.88,10,56513.70,-3334.46,15113.06,False,2025-03-17 15:59:53
0xccf135ab352d561a15eb7be2a243cc4fcb7f0ab1,HYPE,19.22,3,1933650.91,791059.03,21.71,False,2025-03-17 15:59:53
0x265bda080f9107223a74455201674538c32482b0,HYPE,19.90,2,2998776.30,1376731.27,23.68,False,2025-03-17 15:59:54
0xc7c87046d9e147b14cc773bf3f865febfb966ea4,HYPE,15.70,3,640780.13,-96757.41,0.00,True,2025-03-17 15:59:56
0xdbd1bac81ad581c7198c9d155ca468f32a0c29dd,BTC,86118.70,20,1023035.43,20512.41,308288.15,False,2025-03-17 16:00:02
0xdbd1bac81ad581c7198c9d155ca468f32a0c29dd,ETH,3482.61,20,4143167.31,3290276.87,3199.54,False,2025-03-17 16:00:02
0xdbd1bac81ad581c7198c9d155ca468f32a0c29dd,HYPE,25.02,2,54564.00,45530.26,52.00,False,2025-03-17 16:00:02
0x6fbe81055140287005ffb5659a9312eba019f350,ENA,0.36,5,91936.48,4999.29,0.00,True,2025-03-17 16:00:04
0x6fbe81055140287005ffb5659a9312eba019f350,AIXBT,0.13,5,158855.34,-8835.71,0.00,True,2025-03-17 16:00:04
0x012ed994df76022637f79ff9e209d7d44a4d1c8e,BTC,84215.60,40,7176380.00,18045.99,83393.43,True,2025-03-17 16:00:11
0xfb6ebda89152bbb06cfc0b4ce7f2a3c469b96137,HYPE,29.09,3,1089433.07,1234863.19,28.50,False,2025-03-17 16:00:18
0x7a6d5fc57f6906f337c48fe2763c3a501304f79c,BTC,99248.00,40,9317249.10,1634848.34,100728.65,False,2025-03-17 16:00:23
0x7a6d5fc57f6906f337c48fe2763c3a501304f79c,ETH,2714.26,25,9334862.75,-3717499.26,1558.75,True,2025-03-17 16:00:23
0x9afd09e089aacb32ee71bb14fb70216ed95d725b,BTC,84273.90,10,74151.05,-147.60,101442.04,False,2025-03-17 16:00:25
0xcfa99b8e07d37f25e5769400c29e22076bc08e81,HYPE,13.41,3,5927081.99,103223.49,10.72,True,2025-03-17 16:00:26
0x44ade5b0c1131eef7b58525e8be12ddf9f797abb,BTC,83886.90,40,844270.00,5400.12,69701.09,True,2025-03-17 16:00:29
0x862c6f0373ac129fc66a324b234943139ca10c92,BTC,84342.00,40,1713724.43,1643.23,74713.84,True,2025-03-17 16:00:30
0xd9a1ed9aac149bf9bd655f9b9ddecf9bd04316b3,BTC,83509.90,10,586684.33,5946.16,0.00,True,2025-03-17 16:00:38
0xd9a1ed9aac149bf9bd655f9b9ddecf9bd04316b3,SOL,129.49,20,33175.96,-53.85,12405.84,False,2025-03-17 16:00:38
0xd9a1ed9aac149bf9bd655f9b9ddecf9bd04316b3,XRP,2.35,20,67518.45,-170.90,112.08,False,2025-03-17 16:00:38
0xd9a1ed9aac149bf9bd655f9b9ddecf9bd04316b3,TON,5.69,10,25992.17,-16453.72,0.00,True,2025-03-17 16:00:38
0xd9a1ed9aac149bf9bd655f9b9ddecf9bd04316b3,TRUMP,31.33,10,90187.54,155088.99,403.10,False,2025-03-17 16:00:38
0xa0f2e2f7b3ab58e3e52b74f08d94ae52778d46df,AVAX,25.35,10,240472.29,81260.43,43.58,False,2025-03-17 16:00:40
0x88250cf2f6402e856bc85fc65095e4a48bb12cb7,ETH,2197.69,20,132808.74,-17609.97,0.00,True,2025-03-17 16:00:41
0x88250cf2f6402e856bc85fc65095e4a48bb12cb7,INJ,12.68,10,105003.02,25747.94,75.81,False,2025-03-17 16:00:41
0x88250cf2f6402e856bc85fc65095e4a48bb12cb7,SUI,2.49,10,95841.90,-5023.67,0.00,True,2025-03-17 16:00:41
0x88250cf2f6402e856bc85fc65095e4a48bb12cb7,CRV,0.42,10,232911.23,-9133.04,1.72,False,2025-03-17 16:00:41
0x88250cf2f6402e856bc85fc65095e4a48bb12cb7,XRP,2.28,20,272781.07,8634.84,0.00,True,2025-03-17 16:00:41
0x88250cf2f6402e856bc85fc65095e4a48bb12cb7,APT,6.39,10,29284.39,-5479.68,0.00,True,2025-03-17 16:00:41
0x88250cf2f6402e856bc85fc65095e4a48bb12cb7,MKR,1364.77,10,151783.66,20140.39,6576.83,False,2025-03-17 16:00:41
0x88250cf2f6402e856bc85fc65095e4a48bb12cb7,WLD,2.12,10,47729.52,65713.59,13.51,False,2025-03-17 16:00:41
0x88250cf2f6402e856bc85fc65095e4a48bb12cb7,TRX,0.21,10,184315.16,4048.85,0.00,True,2025-03-17 16:00:41
0x88250cf2f6402e856bc85fc65095e4a48bb12cb7,UNI,6.14,10,30182.53,-1142.73,149.34,False,2025-03-17 16:00:41
0x88250cf2f6402e856bc85fc65095e4a48bb12cb7,SEI,0.24,10,213327.69,-41298.91,0.00,True,2025-03-17 16:00:41
0x88250cf2f6402e856bc85fc65095e4a48bb12cb7,RUNE,1.07,5,55986.78,-6368.00,15.81,False,2025-03-17 16:00:41
0x88250cf2f6402e856bc85fc65095e4a48bb12cb7,ZRO,2.22,5,229232.60,-21988.50,9.37,False,2025-03-17 16:00:41
0x88250cf2f6402e856bc85fc65095e4a48bb12cb7,TIA,3.03,10,100632.21,12685.14,0.00,True,2025-03-17 16:00:41
0x88250cf2f6402e856bc85fc65095e4a48bb12cb7,ADA,0.87,10,260793.67,-53027.98,0.00,True,2025-03-17 16:00:41
0x88250cf2f6402e856bc85fc65095e4a48bb12cb7,NEAR,3.27,10,80635.62,18155.10,25.10,False,2025-03-17 16:00:41
0x88250cf2f6402e856bc85fc65095e4a48bb12cb7,BADGER,2.13,5,43285.70,7275.30,29.07,False,2025-03-17 16:00:41
0x88250cf2f6402e856bc85fc65095e4a48bb12cb7,FIL,2.87,5,88057.34,-4307.45,25.12,False,2025-03-17 16:00:41
0x88250cf2f6402e856bc85fc65095e4a48bb12cb7,GMT,0.09,5,28999.96,-24819.08,0.00,True,2025-03-17 16:00:41
0x88250cf2f6402e856bc85fc65095e4a48bb12cb7,USTC,0.01,3,32364.10,2408.18,0.00,True,2025-03-17 16:00:41
0x88250cf2f6402e856bc85fc65095e4a48bb12cb7,JUP,0.51,10,66042.44,-1506.86,5.91,False,2025-03-17 16:00:41
0x88250cf2f6402e856bc85fc65095e4a48bb12cb7,MANTA,0.25,3,52614.96,-3126.59,3.30,False,2025-03-17 16:00:41
0x88250cf2f6402e856bc85fc65095e4a48bb12cb7,TAO,364.52,5,71249.04,-29366.35,0.00,True,2025-03-17 16:00:41
0x88250cf2f6402e856bc85fc65095e4a48bb12cb7,ETHFI,0.81,5,144151.62,24679.58,3.80,False,2025-03-17 16:00:41
0x88250cf2f6402e856bc85fc65095e4a48bb12cb7,ENA,0.36,5,43953.29,2597.55,0.00,True,2025-03-17 16:00:41
0x88250cf2f6402e856bc85fc65095e4a48bb12cb7,MNT,0.75,5,313778.32,25129.29,0.00,True,2025-03-17 16:00:41
0x88250cf2f6402e856bc85fc65095e4a48bb12cb7,HBAR,0.24,5,116188.74,-31008.90,0.00,True,2025-03-17 16:00:41
0x88250cf2f6402e856bc85fc65095e4a48bb12cb7,POPCAT,0.24,5,281436.16,48209.35,0.70,False,2025-03-17 16:00:41
0x88250cf2f6402e856bc85fc65095e4a48bb12cb7,IO,0.88,5,48370.47,1780.17,12.14,False,2025-03-17 16:00:41
0x88250cf2f6402e856bc85fc65095e4a48bb12cb7,ZK,0.07,5,103918.87,-3273.16,0.52,False,2025-03-17 16:00:41
0x88250cf2f6402e856bc85fc65095e4a48bb12cb7,BLAST,0.00,3,112241.52,8145.66,0.00,True,2025-03-17 16:00:41
0x88250cf2f6402e856bc85fc65095e4a48bb12cb7,RENDER,3.54,5,108353.85,8194.24,22.90,False,2025-03-17 16:00:41
0x88250cf2f6402e856bc85fc65095e4a48bb12cb7,GRASS,1.37,3,100133.74,140.07,0.00,True,2025-03-17 16:00:41
0x88250cf2f6402e856bc85fc65095e4a48bb12cb7,PNUT,0.21,5,41082.96,5695.41,3.05,False,2025-03-17 16:00:41
0x88250cf2f6402e856bc85fc65095e4a48bb12cb7,XLM,0.31,5,236229.67,-30757.56,0.00,True,2025-03-17 16:00:41
0x88250cf2f6402e856bc85fc65095e4a48bb12cb7,USUAL,0.17,5,138959.01,2537.01,0.00,True,2025-03-17 16:00:41
0x88250cf2f6402e856bc85fc65095e4a48bb12cb7,FARTCOIN,0.33,3,75910.11,-3850.99,3.12,False,2025-03-17 16:00:41
0x88250cf2f6402e856bc85fc65095e4a48bb12cb7,AI16Z,0.47,5,29586.33,36727.02,4.76,False,2025-03-17 16:00:41
0x88250cf2f6402e856bc85fc65095e4a48bb12cb7,TRUMP,13.01,10,27010.90,3487.30,300.11,False,2025-03-17 16:00:41
0x88250cf2f6402e856bc85fc65095e4a48bb12cb7,MELANIA,0.68,3,28805.63,-216.10,15.96,False,2025-03-17 16:00:41
0x88250cf2f6402e856bc85fc65095e4a48bb12cb7,VINE,0.05,3,36602.39,21413.09,0.53,False,2025-03-17 16:00:41
0x88250cf2f6402e856bc85fc65095e4a48bb12cb7,VVV,3.71,3,73035.20,2037.35,33.71,False,2025-03-17 16:00:41
0x88250cf2f6402e856bc85fc65095e4a48bb12cb7,BERA,6.58,5,183145.71,-2269.61,30.16,False,2025-03-17 16:00:41
0x88250cf2f6402e856bc85fc65095e4a48bb12cb7,IP,5.85,3,201564.51,12663.43,22.15,False,2025-03-17 16:00:41
0x88250cf2f6402e856bc85fc65095e4a48bb12cb7,OM,7.43,5,39149.57,2231.06,123.09,False,2025-03-17 16:00:41
0xeb93e6fc46b78c19bfe3264afabccae410956389,BTC,89254.70,20,1029041.48,59578.68,188552.93,False,2025-03-17 16:00:45
0xeb93e6fc46b78c19bfe3264afabccae410956389,ETH,3375.62,20,2110369.30,1559997.93,3100.96,False,2025-03-17 16:00:45
0xeb93e6fc46b78c19bfe3264afabccae410956389,PENDLE,2.48,5,298417.25,17511.53,11.94,False,2025-03-17 16:00:45
0xeb93e6fc46b78c19bfe3264afabccae410956389,USUAL,0.49,5,480928.31,836590.42,0.61,False,2025-03-17 16:00:45
0x4fe56c2713883a96a1f42c2bf5c596b43f142bbc,BTC,83636.90,40,3796650.00,32989.26,81984.36,True,2025-03-17 16:00:46
0x6901d18437304adf9d33c9f03b929c3c4f73e3be,HYPE,19.00,3,1408476.94,552754.80,18.00,False,2025-03-17 16:00:47
0x56c58ed0c0b9b164653d7aa44fd40632393f8e38,ETH,1925.32,20,201895.20,1661.51,1161.55,True,2025-03-17 16:00:51
0xb39230a0352ada7a287da138876fa4728e2a0405,HYPE,24.60,3,2069754.05,1661804.45,37.82,False,2025-03-17 16:01:02
0x34d3e9b531d2bbdd4593777d2b6fdcea8a6b821f,ADA,0.86,10,620299.41,-111594.23,0.00,True,2025-03-17 16:01:03
0x34d3e9b531d2bbdd4593777d2b6fdcea8a6b821f,AR,6.92,5,101191.13,-1796.60,49.45,False,2025-03-17 16:01:03
0x34d3e9b531d2bbdd4593777d2b6fdcea8a6b821f,SCR,0.34,5,184015.30,-10499.61,1.55,False,2025-03-17 16:01:03
0x34d3e9b531d2bbdd4593777d2b6fdcea8a6b821f,XLM,0.27,5,83920.40,-122.48,0.00,True,2025-03-17 16:01:03
0x34d3e9b531d2bbdd4593777d2b6fdcea8a6b821f,AIXBT,0.12,5,43873.00,-1166.78,1.80,False,2025-03-17 16:01:03
0x91586f302da4c72d1f13722da621199fc4dde701,ETH,2064.65,25,4366021.73,-279812.58,1789.79,True,2025-03-17 16:01:05
0x91586f302da4c72d1f13722da621199fc4dde701,BERA,7.19,5,972024.20,78270.57,8.75,False,2025-03-17 16:01:05
0xbbbc35dfac3a00a03a8fde3540eca4f0e15c5e64,SOL,200.68,20,819831.70,-449766.33,0.00,True,2025-03-17 16:01:17
0xbbbc35dfac3a00a03a8fde3540eca4f0e15c5e64,WLD,1.82,10,2070194.52,-2160110.96,0.00,True,2025-03-17 16:01:17
0xbbbc35dfac3a00a03a8fde3540eca4f0e15c5e64,ONDO,1.15,10,2949957.81,917961.24,1.45,False,2025-03-17 16:01:17
0x47a761bb9e970ac93cb571c4614c4ca643714e4f,HYPE,19.45,3,272700.00,116354.26,43.40,False,2025-03-17 16:01:19
0x404ca2035b37bf2e83505134ebcf8d03babb5f03,BTC,85935.70,20,1601770.81,31080.00,113277.86,False,2025-03-17 16:01:20
0x404ca2035b37bf2e83505134ebcf8d03babb5f03,ETH,2054.26,20,212279.83,12561.48,6970.10,False,2025-03-17 16:01:20
0x404ca2035b37bf2e83505134ebcf8d03babb5f03,AVAX,18.53,10,208596.98,-4366.70,66.97,False,2025-03-17 16:01:20
0x404ca2035b37bf2e83505134ebcf8d03babb5f03,BNB,591.69,10,99569.15,-5679.61,3965.17,False,2025-03-17 16:01:20
0x404ca2035b37bf2e83505134ebcf8d03babb5f03,LTC,89.50,10,930984.87,-38595.49,146.50,False,2025-03-17 16:01:20
0x404ca2035b37bf2e83505134ebcf8d03babb5f03,LDO,1.59,10,169758.22,105997.07,4.03,False,2025-03-17 16:01:20
0x404ca2035b37bf2e83505134ebcf8d03babb5f03,GMX,14.19,5,25924.38,-1195.26,305.06,False,2025-03-17 16:01:20
0x404ca2035b37bf2e83505134ebcf8d03babb5f03,AAVE,174.15,10,419791.47,-5168.30,398.77,False,2025-03-17 16:01:20
0x404ca2035b37bf2e83505134ebcf8d03babb5f03,BANANA,17.72,3,47071.94,257.02,196.09,False,2025-03-17 16:01:20
0x404ca2035b37bf2e83505134ebcf8d03babb5f03,ADA,0.72,10,774081.86,4497.58,0.18,True,2025-03-17 16:01:20
0x404ca2035b37bf2e83505134ebcf8d03babb5f03,JTO,2.15,5,103589.63,-2557.76,12.97,False,2025-03-17 16:01:20
0x404ca2035b37bf2e83505134ebcf8d03babb5f03,WIF,1.13,5,248708.64,305085.05,1.59,False,2025-03-17 16:01:20
0x404ca2035b37bf2e83505134ebcf8d03babb5f03,TAO,450.23,5,202211.91,150351.80,903.84,False,2025-03-17 16:01:20
0x404ca2035b37bf2e83505134ebcf8d03babb5f03,HBAR,0.20,5,103498.90,1294.56,1.13,False,2025-03-17 16:01:20
0x404ca2035b37bf2e83505134ebcf8d03babb5f03,POL,0.22,5,33339.51,814.04,3.65,False,2025-03-17 16:01:20
0x404ca2035b37bf2e83505134ebcf8d03babb5f03,ALGO,0.19,5,50292.13,413.20,2.13,False,2025-03-17 16:01:20
0x404ca2035b37bf2e83505134ebcf8d03babb5f03,MOVE,0.47,5,85972.09,4646.36,3.10,False,2025-03-17 16:01:20
0x404ca2035b37bf2e83505134ebcf8d03babb5f03,BERA,5.92,5,59904.30,-6644.74,62.87,False,2025-03-17 16:01:20
0x404ca2035b37bf2e83505134ebcf8d03babb5f03,IP,5.18,3,32278.10,-1930.98,86.90,False,2025-03-17 16:01:20
0x58c164c969ea2d2a3ba98f19e10d5fa4aaf916a0,BTC,84299.50,20,42151.50,1.74,50470.31,True,2025-03-17 16:01:30
0x298abe4533ad666a47ebb37590c678a8ef14b032,S,0.61,5,52342.97,10296.10,0.89,False,2025-03-17 16:01:32
0x303c223e6acafe204800fea771842cbb421b51d0,HYPE,13.14,3,68185.00,2459.54,10.36,True,2025-03-17 16:01:33
0xec7756092894a9b2bb5e53856f329ce962f7cb1a,BTC,82927.90,33,340543.80,-5455.01,2239500.94,False,2025-03-17 16:01:46
0xec7756092894a9b2bb5e53856f329ce962f7cb1a,ETH,1870.60,20,35463.61,1240.37,0.00,True,2025-03-17 16:01:46
0xec7756092894a9b2bb5e53856f329ce962f7cb1a,SOL,126.73,20,512579.50,-10861.16,2302.32,False,2025-03-17 16:01:46
0xec7756092894a9b2bb5e53856f329ce962f7cb1a,SUI,2.26,10,5182035.09,-222913.18,6.18,False,2025-03-17 16:01:46
0xec7756092894a9b2bb5e53856f329ce962f7cb1a,XRP,2.21,20,4561508.19,-285108.01,6.80,False,2025-03-17 16:01:46
0xec7756092894a9b2bb5e53856f329ce962f7cb1a,ADA,0.71,10,6505835.19,-113939.47,1.66,False,2025-03-17 16:01:46
0xec7756092894a9b2bb5e53856f329ce962f7cb1a,ONDO,0.84,10,126360.91,-5207.44,59.18,False,2025-03-17 16:01:46
0xec7756092894a9b2bb5e53856f329ce962f7cb1a,SAGA,0.73,5,546249.97,-497061.31,0.00,True,2025-03-17 16:01:46
0xec7756092894a9b2bb5e53856f329ce962f7cb1a,HBAR,0.19,5,114762.27,-4632.00,13.66,False,2025-03-17 16:01:46
0xec7756092894a9b2bb5e53856f329ce962f7cb1a,POPCAT,0.20,10,2247844.03,85865.89,0.00,True,2025-03-17 16:01:46
0xec7756092894a9b2bb5e53856f329ce962f7cb1a,GOAT,0.12,5,300082.64,-295883.59,0.00,True,2025-03-17 16:01:46
0xec7756092894a9b2bb5e53856f329ce962f7cb1a,MOODENG,0.04,5,332370.75,33148.85,0.00,True,2025-03-17 16:01:46
0xec7756092894a9b2bb5e53856f329ce962f7cb1a,HYPE,15.64,3,2392161.63,-350814.17,0.00,True,2025-03-17 16:01:46
0xec7756092894a9b2bb5e53856f329ce962f7cb1a,MOVE,0.45,5,47136.61,180.23,76.97,False,2025-03-17 16:01:46
0xec7756092894a9b2bb5e53856f329ce962f7cb1a,FARTCOIN,0.30,3,40111.07,4878.58,0.00,True,2025-03-17 16:01:46
0xec7756092894a9b2bb5e53856f329ce962f7cb1a,AIXBT,0.10,5,828548.29,123548.74,0.00,True,2025-03-17 16:01:46
0xec7756092894a9b2bb5e53856f329ce962f7cb1a,TRUMP,11.26,3,123443.46,-2902.32,14.34,False,2025-03-17 16:01:46
0xec7756092894a9b2bb5e53856f329ce962f7cb1a,KAITO,1.43,5,933080.86,-1849.74,0.00,True,2025-03-17 16:01:46
0xc30c7ea910a71ce06ae840868b0c7e47616ba4c9,BTC,84056.70,20,126417.00,-331.93,127266.03,False,2025-03-17 16:01:47
0xc30c7ea910a71ce06ae840868b0c7e47616ba4c9,SOL,128.26,20,129470.00,-1212.79,193.17,False,2025-03-17 16:01:47
0xc30c7ea910a71ce06ae840868b0c7e47616ba4c9,XRP,2.31,20,206914.19,-3906.27,3.08,False,2025-03-17 16:01:47
0x7bca5eb262f16af84f4f3c2431b9bfaa533bee75,HYPE,22.02,1,906015.16,557372.01,39.23,False,2025-03-17 16:01:50
0xf3cac0bde469b42a349ed0ce994a90e7c4a2c606,TAO,251.55,2,94195.82,-2334.19,1400.10,False,2025-03-17 16:02:02
0x991e044d97b946fe549e92ac9bfa5119592a0e54,BTC,88258.80,20,673800.00,-32270.63,66428.16,True,2025-03-17 16:02:03
0x991e044d97b946fe549e92ac9bfa5119592a0e54,HYPE,14.41,3,229882.08,-13110.43,3.60,True,2025-03-17 16:02:03
0x349bd094209d50280dfaca12779576c748395c15,BTC,108557.50,40,176954.62,51124.74,347923.08,False,2025-03-17 16:02:07
0x349bd094209d50280dfaca12779576c748395c15,ETH,3731.84,25,160804.20,148938.86,8612.48,False,2025-03-17 16:02:07
0x349bd094209d50280dfaca12779576c748395c15,SOL,207.12,20,86859.99,52160.90,942.77,False,2025-03-17 16:02:07
0x349bd094209d50280dfaca12779576c748395c15,PURR,0.24,3,37594.59,71816.80,1.14,False,2025-03-17 16:02:07
0x349bd094209d50280dfaca12779576c748395c15,HYPE,22.24,3,114594.86,72345.94,70.68,False,2025-03-17 16:02:07
0x349bd094209d50280dfaca12779576c748395c15,FARTCOIN,2.17,3,25114.56,131972.24,6.96,False,2025-03-17 16:02:07
0x9f07dc88dc450978e5ddf973f6a0236a7cfbf99a,BTC,83618.00,20,1708635.44,-12292.60,127432.60,False,2025-03-17 16:02:10
0x9f07dc88dc450978e5ddf973f6a0236a7cfbf99a,ETH,1923.95,20,532812.50,-3726.13,5101.57,False,2025-03-17 16:02:10
0x9b864dde6ed1c21608b1665a0ac0faa4f7e36e6e,HYPE,23.37,2,136280.36,97465.84,30.29,False,2025-03-17 16:02:15
0x9b864dde6ed1c21608b1665a0ac0faa4f7e36e6e,TRUMP,11.84,4,102017.65,2998.91,16.06,False,2025-03-17 16:02:15
0xdcac85ecae7148886029c20e661d848a4de99ce2,BTC,82782.40,20,50971.37,866.48,0.00,True,2025-03-17 16:02:16
0xdcac85ecae7148886029c20e661d848a4de99ce2,ETH,1903.33,20,86132.20,1492.54,0.00,True,2025-03-17 16:02:16
0xdcac85ecae7148886029c20e661d848a4de99ce2,SOL,129.82,20,26375.05,-84.31,0.00,True,2025-03-17 16:02:16
0xdcac85ecae7148886029c20e661d848a4de99ce2,LTC,92.69,10,35943.88,-221.12,963.78,False,2025-03-17 16:02:16
0xdcac85ecae7148886029c20e661d848a4de99ce2,FTT,1.35,3,37431.67,-1709.90,0.00,True,2025-03-17 16:02:16
0xdcac85ecae7148886029c20e661d848a4de99ce2,NEAR,2.59,10,37554.82,-1082.12,26.46,False,2025-03-17 16:02:16
0xdcac85ecae7148886029c20e661d848a4de99ce2,HBAR,0.19,5,48217.22,-624.94,1.47,False,2025-03-17 16:02:16
0xdcac85ecae7148886029c20e661d848a4de99ce2,OM,6.85,5,33495.00,855.15,0.00,True,2025-03-17 16:02:16
0x1208c52237a89a9081f7f96820773c66a28dc27e,VVV,3.65,3,184427.25,2253.73,6.65,False,2025-03-17 16:02:21
0x1208c52237a89a9081f7f96820773c66a28dc27e,BERA,6.70,3,449019.69,2382.59,9.11,False,2025-03-17 16:02:21
0x49e96e255ba418d08e66c35b588e2f2f3766e1d0,ETH,2730.64,10,2232825.96,-914046.84,1148.08,True,2025-03-17 16:02:23
0x2f7a83314829ea002450381ad181fd525bdb340d,LTC,93.81,4,1166271.15,6855.47,226.51,False,2025-03-17 16:02:25
0x2f7a83314829ea002450381ad181fd525bdb340d,BANANA,17.68,3,99134.91,-152.35,0.00,True,2025-03-17 16:02:25
0x2f7a83314829ea002450381ad181fd525bdb340d,POPCAT,0.20,4,272954.88,-1857.69,1.45,False,2025-03-17 16:02:25
0x2f7a83314829ea002450381ad181fd525bdb340d,BERA,6.71,4,136226.48,-907.49,0.00,True,2025-03-17 16:02:25
0x9fa494940762c73b37bf417df63d01c5d369b791,HYPE,23.09,3,307902.40,213968.23,21.27,False,2025-03-17 16:02:30
0x515d46b5b115ffccfe04b4d2ea40a8fb450f27bd,HYPE,23.15,3,234317.39,163903.69,20.28,False,2025-03-17 16:02:44
0xd96ea3bcce83d4e1ef8abd1776eecd0cea1bb09e,HYPE,20.55,2,681350.00,346357.75,18.80,False,2025-03-17 16:02:50
0xe5250bf1ee0d01c54866702b3e4a12a57939693d,BTC,83878.00,40,84227.00,-349.00,229505.29,False,2025-03-17 16:02:57
0xe5250bf1ee0d01c54866702b3e4a12a57939693d,SOL,127.05,3,25900.00,490.00,0.00,True,2025-03-17 16:02:57
0xe5250bf1ee0d01c54866702b3e4a12a57939693d,HYPE,18.52,3,476840.00,-171224.41,8.58,True,2025-03-17 16:02:57
0xd260b2216b735277da6771564a01c04856e78321,RUNE,1.17,5,1811700.00,61644.75,0.23,True,2025-03-17 16:03:05
0xd260b2216b735277da6771564a01c04856e78321,HYPE,15.28,3,231625.00,-28135.42,0.00,True,2025-03-17 16:03:05
0xe867fbdad3291530e41530301ecb77693850c78e,AAVE,169.50,10,176360.00,-6858.21,1109.87,False,2025-03-17 16:03:07
0xe867fbdad3291530e41530301ecb77693850c78e,HYPE,13.64,3,136250.00,-157.50,0.00,True,2025-03-17 16:03:07
0xe71cbf47fff309813bcea54f3ecf49a5f129264d,S,0.51,2,219661.01,-1826.81,0.24,True,2025-03-17 16:03:10
0x388855cd19e68891bf6eb081e969b7ee9ca1dcdd,BTC,95679.50,20,505218.00,68859.01,164375.03,False,2025-03-17 16:03:15
0x388855cd19e68891bf6eb081e969b7ee9ca1dcdd,HYPE,17.71,3,796945.50,239224.48,20.74,False,2025-03-17 16:03:15
0xadd12adbbd5db87674b38af99b6dd34dd2a45e0d,AAVE,179.69,10,524223.97,-10510.21,0.00,True,2025-03-17 16:03:18
0xd50bc99565e7ec90fb03e4b4a502419968464078,SOL,204.92,1,136937.67,80005.29,349.66,False,2025-03-17 16:03:19
0xd50bc99565e7ec90fb03e4b4a502419968464078,EIGEN,3.80,1,186210.76,417473.65,3.67,False,2025-03-17 16:03:19
0x64a4fbb71858f681f3fa10a42b34180a9a48088d,BTC,92678.00,20,84197.00,8481.00,993495.36,False,2025-03-17 16:03:23
0x64a4fbb71858f681f3fa10a42b34180a9a48088d,SOL,131.37,20,193980.00,3070.00,726.65,False,2025-03-17 16:03:23
0x64a4fbb71858f681f3fa10a42b34180a9a48088d,HYPE,20.51,3,289226.57,146300.73,50.68,False,2025-03-17 16:03:23
0x7258d00a24d6829ac4bf355127bfbc9e2303aed4,BTC,84112.30,40,7022525.56,-6810.86,95932.16,False,2025-03-17 16:03:26
0x9ffe3530a5613d365e1cf88c8e74d5b5d5db1c16,HYPE,22.43,3,27232.00,17637.52,20.95,False,2025-03-17 16:03:29
0xd487e26c62ed8c28ce3cc70b5791e501c2934982,BTC,84346.60,40,4992494.52,-9466.08,0.00,True,2025-03-17 16:03:30
0xd487e26c62ed8c28ce3cc70b5791e501c2934982,ETH,2466.22,25,1162960.27,317973.87,10201.28,False,2025-03-17 16:03:30
0xd487e26c62ed8c28ce3cc70b5791e501c2934982,XRP,2.50,20,706440.00,43645.42,18.82,False,2025-03-17 16:03:30
0xd487e26c62ed8c28ce3cc70b5791e501c2934982,ADA,0.85,10,238461.30,42614.24,15.33,False,2025-03-17 16:03:30
0xd487e26c62ed8c28ce3cc70b5791e501c2934982,EIGEN,3.06,3,58530.00,94588.18,93.21,False,2025-03-17 16:03:30
0xd487e26c62ed8c28ce3cc70b5791e501c2934982,BLAST,0.00,3,67110.54,4140.64,0.21,False,2025-03-17 16:03:30
0xd487e26c62ed8c28ce3cc70b5791e501c2934982,HYPE,21.77,3,1911406.43,1146137.94,44.51,False,2025-03-17 16:03:30
0xc11c720c554db80a89ffea960633429be61c6a10,SOL,201.42,20,696461.52,388471.00,174.76,False,2025-03-17 16:03:34
0xc11c720c554db80a89ffea960633429be61c6a10,FARTCOIN,0.81,3,78378.51,105929.96,1.29,False,2025-03-17 16:03:34
0xc11c720c554db80a89ffea960633429be61c6a10,VVV,7.60,3,270939.25,299360.93,6.47,False,2025-03-17 16:03:34
0x4b1e012d2b5934b018200fae0d89eba37fd7a06e,HYPE,20.40,3,333469.50,166311.43,21.70,False,2025-03-17 16:03:35
0x4b1e012d2b5934b018200fae0d89eba37fd7a06e,MOVE,0.46,5,225135.00,5681.69,0.87,False,2025-03-17 16:03:35
0x4b1e012d2b5934b018200fae0d89eba37fd7a06e,BERA,6.08,5,265760.00,-22416.26,11.90,False,2025-03-17 16:03:35
0x4b1e012d2b5934b018200fae0d89eba37fd7a06e,LAYER,1.14,3,82406.52,2126.49,3.78,False,2025-03-17 16:03:35
0x4b1e012d2b5934b018200fae0d89eba37fd7a06e,IP,5.82,3,331002.00,18260.19,8.82,False,2025-03-17 16:03:35
0x44c9c226cdfae773002b3f86d3966af3cd8f277c,LTC,109.40,10,178065.48,30897.17,330.84,False,2025-03-17 16:03:36
0x44c9c226cdfae773002b3f86d3966af3cd8f277c,ZRO,2.27,5,72667.35,-5588.38,16.80,False,2025-03-17 16:03:36
0x44c9c226cdfae773002b3f86d3966af3cd8f277c,W,0.09,5,81639.00,1946.50,0.00,True,2025-03-17 16:03:36
0x44c9c226cdfae773002b3f86d3966af3cd8f277c,BLAST,0.00,3,26829.00,-14161.62,0.00,True,2025-03-17 16:03:36
0x44c9c226cdfae773002b3f86d3966af3cd8f277c,HYPE,20.70,3,108904.00,56696.88,63.45,False,2025-03-17 16:03:36
0x44c9c226cdfae773002b3f86d3966af3cd8f277c,FARTCOIN,1.15,3,69164.00,160837.62,2.34,False,2025-03-17 16:03:36
0xdd46a7e5691a4796fb15380e694ba76b45d3210d,SOL,216.91,20,1590299.49,1077558.15,151.91,False,2025-03-17 16:03:39
0x51f63885534cb494f4592a0311551f369bff2b39,ETH,1892.98,25,460101.82,10386.41,0.00,True,2025-03-17 16:03:46
0x51f63885534cb494f4592a0311551f369bff2b39,ATOM,4.34,5,27891.32,1681.62,0.00,True,2025-03-17 16:03:46
0x51f63885534cb494f4592a0311551f369bff2b39,SOL,127.01,20,1001263.13,17632.19,38.87,True,2025-03-17 16:03:46
0x51f63885534cb494f4592a0311551f369bff2b39,AVAX,18.33,10,46720.13,-1418.98,282.04,False,2025-03-17 16:03:46
0x51f63885534cb494f4592a0311551f369bff2b39,BNB,603.19,10,157232.59,5791.55,0.00,True,2025-03-17 16:03:46
0x51f63885534cb494f4592a0311551f369bff2b39,LTC,90.85,10,628577.67,-16021.89,189.67,False,2025-03-17 16:03:46
0x51f63885534cb494f4592a0311551f369bff2b39,SUI,2.25,10,142724.60,6499.95,0.00,True,2025-03-17 16:03:46
0x51f63885534cb494f4592a0311551f369bff2b39,kPEPE,0.01,10,461068.36,-31339.67,0.02,False,2025-03-17 16:03:46
0x51f63885534cb494f4592a0311551f369bff2b39,LDO,1.11,10,128716.77,18410.78,5.89,False,2025-03-17 16:03:46
0x51f63885534cb494f4592a0311551f369bff2b39,LINK,13.63,10,341205.80,-11548.99,40.99,False,2025-03-17 16:03:46
0x51f63885534cb494f4592a0311551f369bff2b39,XRP,2.36,20,373488.87,-1302.88,0.00,True,2025-03-17 16:03:46
0x51f63885534cb494f4592a0311551f369bff2b39,BCH,328.32,10,70465.90,-2219.78,3467.22,False,2025-03-17 16:03:46
0x51f63885534cb494f4592a0311551f369bff2b39,APT,6.36,10,200866.03,-37089.11,0.00,True,2025-03-17 16:03:46
0x51f63885534cb494f4592a0311551f369bff2b39,AAVE,211.97,10,416219.30,85169.83,450.86,False,2025-03-17 16:03:46
0x51f63885534cb494f4592a0311551f369bff2b39,WLD,1.44,10,132239.06,82301.18,5.25,False,2025-03-17 16:03:46
0x51f63885534cb494f4592a0311551f369bff2b39,RUNE,1.07,5,135833.97,-15488.58,6.98,False,2025-03-17 16:03:46
0x51f63885534cb494f4592a0311551f369bff2b39,TIA,3.59,10,233593.19,8777.86,13.08,False,2025-03-17 16:03:46
0x51f63885534cb494f4592a0311551f369bff2b39,ADA,0.77,10,1085103.21,-67608.25,0.24,True,2025-03-17 16:03:46
0x51f63885534cb494f4592a0311551f369bff2b39,TON,2.62,10,60249.40,14778.79,0.00,True,2025-03-17 16:03:46
0x51f63885534cb494f4592a0311551f369bff2b39,NEAR,2.71,10,81426.19,1427.41,23.92,False,2025-03-17 16:03:46
0x51f63885534cb494f4592a0311551f369bff2b39,JUP,0.65,10,380705.77,91976.58,1.42,False,2025-03-17 16:03:46
0x51f63885534cb494f4592a0311551f369bff2b39,WIF,0.54,10,255523.62,16342.82,1.80,False,2025-03-17 16:03:46
0x51f63885534cb494f4592a0311551f369bff2b39,ONDO,0.87,10,36897.57,-231.10,16.33,False,2025-03-17 16:03:46
0x51f63885534cb494f4592a0311551f369bff2b39,ENA,0.38,10,51254.98,23.10,0.00,True,2025-03-17 16:03:46
0x51f63885534cb494f4592a0311551f369bff2b39,POPCAT,0.23,10,464891.19,50202.66,0.49,False,2025-03-17 16:03:46
0x51f63885534cb494f4592a0311551f369bff2b39,TRUMP,10.70,10,247927.64,17306.31,0.00,True,2025-03-17 16:03:46
0xd6e1a6f7bb47aca69aaa511210227d40926ff256,BTC,83985.30,20,1035207.31,2504.53,0.00,True,2025-03-17 16:03:47
0xd6e1a6f7bb47aca69aaa511210227d40926ff256,ETH,1902.94,20,844240.84,14715.70,0.00,True,2025-03-17 16:03:47
0xd6e1a6f7bb47aca69aaa511210227d40926ff256,SOL,130.13,20,899058.09,-5813.83,0.00,True,2025-03-17 16:03:47
0xd6e1a6f7bb47aca69aaa511210227d40926ff256,BNB,608.01,10,278591.13,-8115.96,4509.60,False,2025-03-17 16:03:47
0xd6e1a6f7bb47aca69aaa511210227d40926ff256,LTC,93.72,10,107865.73,565.54,1586.30,False,2025-03-17 16:03:47
0xd6e1a6f7bb47aca69aaa511210227d40926ff256,DOGE,0.19,10,279639.12,-17342.55,0.00,True,2025-03-17 16:03:47
0xd6e1a6f7bb47aca69aaa511210227d40926ff256,kPEPE,0.01,10,503225.27,-395393.48,0.00,True,2025-03-17 16:03:47
0xd6e1a6f7bb47aca69aaa511210227d40926ff256,XRP,2.32,20,108110.99,-1825.51,40.90,False,2025-03-17 16:03:47
0xd6e1a6f7bb47aca69aaa511210227d40926ff256,WLD,0.93,10,77957.68,3569.58,20.56,False,2025-03-17 16:03:47
0xd6e1a6f7bb47aca69aaa511210227d40926ff256,kSHIB,0.02,10,335630.22,-261335.88,0.00,True,2025-03-17 16:03:47
0xd6e1a6f7bb47aca69aaa511210227d40926ff256,ADA,0.85,10,610144.57,-111535.61,0.00,True,2025-03-17 16:03:47
0xd6e1a6f7bb47aca69aaa511210227d40926ff256,WIF,0.48,5,141765.34,6111.09,0.00,True,2025-03-17 16:03:47
0xd6e1a6f7bb47aca69aaa511210227d40926ff256,ENA,0.37,5,190451.60,8081.27,0.00,True,2025-03-17 16:03:47
0xd6e1a6f7bb47aca69aaa511210227d40926ff256,HBAR,0.19,5,180270.69,6205.85,0.00,True,2025-03-17 16:03:47
0xd6e1a6f7bb47aca69aaa511210227d40926ff256,PNUT,0.18,5,69387.09,-799.81,4.50,False,2025-03-17 16:03:47
0xd6e1a6f7bb47aca69aaa511210227d40926ff256,XLM,0.32,5,138250.83,-25910.00,0.00,True,2025-03-17 16:03:47
0xd6e1a6f7bb47aca69aaa511210227d40926ff256,FARTCOIN,0.32,3,31357.77,-2184.96,17.46,False,2025-03-17 16:03:47
0xd6e1a6f7bb47aca69aaa511210227d40926ff256,TRUMP,11.29,5,466844.45,-8347.28,54.05,False,2025-03-17 16:03:47
0xd6e1a6f7bb47aca69aaa511210227d40926ff256,VINE,0.03,5,34901.13,6191.15,1.38,False,2025-03-17 16:03:47
0xd6e1a6f7bb47aca69aaa511210227d40926ff256,BERA,7.58,5,41129.82,-5808.60,0.00,True,2025-03-17 16:03:47
0xd6e1a6f7bb47aca69aaa511210227d40926ff256,IP,5.63,3,73585.43,-1574.68,0.00,True,2025-03-17 16:03:47
0xd6e1a6f7bb47aca69aaa511210227d40926ff256,KAITO,1.40,5,64088.42,1104.43,0.00,True,2025-03-17 16:03:47
0xf005093464e14cbacf0f9b9a371269fc118776dd,BTC,95693.20,4,2373692.87,-324423.71,68919.60,True,2025-03-17 16:03:51
0xc3dc8dfbe0a6f620748bff4c3f2c84b1f4ca1c28,HYPE,22.43,1,57166.20,37041.84,44.59,False,2025-03-17 16:03:57
0x7c6eea73a63d53c2c90b740ea41e850e62b2d916,EIGEN,1.71,5,31842.24,-14663.18,0.53,True,2025-03-17 16:04:04
0x5df2fed8188902f86f2074b70fd36ed3a39a1256,HYPE,14.60,3,136010.00,9964.45,20.34,False,2025-03-17 16:04:08
0x531fb7439651469b9bf6300c998b87ad97fcb6dd,HYPE,18.08,3,190470.12,-63000.22,7.35,True,2025-03-17 16:04:15
0x8c720d16403ae930a4a5098252c8ce48f1ed47ee,BTC,83695.00,20,336696.00,1915.89,5054.59,True,2025-03-17 16:04:17
0xcedb31f8d10bfb07d8d1ba207d902bb0d3e661ec,SOL,143.68,20,206976.00,-22913.52,54.81,True,2025-03-17 16:04:19
0xcedb31f8d10bfb07d8d1ba207d902bb0d3e661ec,HYPE,19.78,3,136243.31,62038.33,23.53,False,2025-03-17 16:04:19
0xe0ffc829349c88c159462942ad885f12130e7610,SOL,127.22,1,61985.43,-1026.04,1043.29,False,2025-03-17 16:04:25
0xe0ffc829349c88c159462942ad885f12130e7610,SUI,2.34,1,61738.72,-413.63,19.07,False,2025-03-17 16:04:25
0xe0ffc829349c88c159462942ad885f12130e7610,XRP,2.36,1,213500.04,333.70,7.18,False,2025-03-17 16:04:25
0xe0ffc829349c88c159462942ad885f12130e7610,TRX,0.23,1,57018.36,3429.58,1.87,False,2025-03-17 16:04:25
0xe0ffc829349c88c159462942ad885f12130e7610,ADA,0.73,10,61290.56,857.62,5.76,False,2025-03-17 16:04:25
0xe0ffc829349c88c159462942ad885f12130e7610,ONDO,0.86,1,62956.72,-1368.90,6.83,False,2025-03-17 16:04:25
0xa8b695817a4054dd278f04746585dea6487e775d,HYPE,13.99,3,435378.44,-12678.55,0.00,True,2025-03-17 16:04:34
0x4583f9b7a06ab8b5b7b4a7dd27e774356015d406,HYPE,13.66,3,199123.53,1047.14,22.78,False,2025-03-17 16:04:39
0x2d29c09ef733f48fe10074a2dd7c38b50a9d4d89,BTC,82193.50,40,336760.00,7986.00,43346.16,True,2025-03-17 16:04:58
0x2d29c09ef733f48fe10074a2dd7c38b50a9d4d89,ETH,2145.22,25,242100.00,-26053.31,633.10,True,2025-03-17 16:04:58
0x2d29c09ef733f48fe10074a2dd7c38b50a9d4d89,AAVE,178.28,10,63198.36,804.29,604.04,False,2025-03-17 16:04:58
0x2d29c09ef733f48fe10074a2dd7c38b50a9d4d89,MAVIA,0.48,3,30241.61,1107.93,0.00,True,2025-03-17 16:04:58
0x551b30bc933e26e098bd2e68d436c24ed39b7312,ETH,3273.98,20,788960.38,544635.10,5106.72,False,2025-03-17 16:05:03
0x5078c2fbea2b2ad61bc840bc023e35fce56bedb6,kPEPE,0.01,10,9251858.26,471305.85,0.00,True,2025-03-17 16:05:11
0xcdc75f08a621e58cacb859ff24b2f51efd5f8051,ETH,1989.69,25,9361719.49,-255198.62,1738.91,True,2025-03-17 16:05:15
0x6d7823cd5c3d9dcd63e6a8021b475e0c7c94b291,BTC,81356.20,20,260672.72,8771.12,70325.75,True,2025-03-17 16:05:18
0x6d7823cd5c3d9dcd63e6a8021b475e0c7c94b291,AAVE,168.82,10,104676.90,4385.61,101.09,True,2025-03-17 16:05:18
0x6d7823cd5c3d9dcd63e6a8021b475e0c7c94b291,S,0.48,5,201449.12,9175.70,0.39,True,2025-03-17 16:05:18
0x2d760d867ebebd7da5b0be18fed71b4bcc9610eb,HYPE,12.63,3,1317932.68,94231.32,2.62,True,2025-03-17 16:05:21
